model_name,batch_size,dtype,sequence_length,context_window,learning_rate,warmup_iterations,cooldown_seconds,power_meter_available,tokens_per_second_mean,mfu_percentage_mean,mfu_percentage_calflops_mean,sequence_length_mean,gpu_utilization_mean,memory_utilization_mean,memory_used_mb_mean,temperature_celsius_mean,power_draw_watts_mean,num_layers_mean,num_heads_mean,head_dim_mean,formula_flops_per_token_mean,calflops_total_mean,power_meter_active_power_w_mean,power_meter_reactive_power_var_mean,power_meter_apparent_power_va_mean,samples_per_config,cap_reached
Qwen/Qwen2.5-1.5B,1,bfloat16,11,512,0.0001,0,0.0,True,64.62896413242756,0.25495709221020946,0.49498697247630846,11.0,69.65333333333334,78.06666666666666,13526.0,55.45333333333333,66.92800000000001,28.0,12.0,128.0,4773371904.0,101939999999.99998,281.29333333333335,-53.0,286.0133333333333,75,False
Qwen/Qwen2.5-1.5B,1,bfloat16,11,512,0.0001,0,5.0,True,65.0235597136982,0.25651374631027546,0.4980091417892107,11.0,72.65333333333334,79.2,13244.0,58.96,66.60466666666667,28.0,12.0,128.0,4773371904.0,101939999999.99998,281.17333333333335,-52.986666666666665,286.02666666666664,75,False
Qwen/Qwen2.5-1.5B,1,bfloat16,11,512,0.0001,5,0.0,True,65.10364292148395,0.2568296693962479,0.49862249131600844,11.0,69.34328358208955,79.91044776119404,13614.0,58.97014925373134,66.94089552238806,28.0,12.0,128.0,4773371904.0,101939999999.99998,281.2238805970149,-52.985074626865675,285.95522388059703,67,False
Qwen/Qwen2.5-1.5B,1,bfloat16,11,512,0.0001,5,5.0,True,65.03243322444823,0.2565487517374688,0.49807710314802794,11.0,70.3780487804878,77.36585365853658,13270.0,58.548780487804876,66.64682926829268,28.0,12.0,128.0,4773371904.0,101939999999.99998,281.1951219512195,-52.98780487804878,285.9390243902439,82,False
Qwen/Qwen2.5-1.5B,1,bfloat16,11,2048,0.0001,0,0.0,True,64.96773042187367,0.25629350335737006,0.49758155065407966,11.0,70.19047619047619,78.63095238095238,13368.0,59.07142857142857,66.64654761904762,28.0,12.0,128.0,4773371904.0,101939999999.99998,281.2142857142857,-53.0,285.9761904761905,84,False
Qwen/Qwen2.5-1.5B,1,bfloat16,11,2048,0.0001,0,5.0,True,64.99085915979403,0.25638474473568745,0.4977586914161835,11.0,71.18,84.74,13280.0,58.44,66.97,28.0,12.0,128.0,4773371904.0,101939999999.99998,281.24,-52.96,286.04,50,False
Qwen/Qwen2.5-1.5B,1,bfloat16,11,2048,0.0001,5,0.0,True,65.04855824687571,0.25661236391020165,0.4982006031319691,11.0,70.38461538461539,79.23076923076923,13300.0,59.12307692307692,66.11692307692309,28.0,12.0,128.0,4773371904.0,101939999999.99998,281.24615384615385,-53.0,286.0153846153846,65,False
Qwen/Qwen2.5-1.5B,1,bfloat16,11,2048,0.0001,5,5.0,True,65.10280571417978,0.2568263666674681,0.49861607922640766,11.0,68.49180327868852,81.45901639344262,13252.0,59.01639344262295,67.36508196721311,28.0,12.0,128.0,4773371904.0,101939999999.99998,281.24590163934425,-52.98360655737705,285.9672131147541,61,False
Qwen/Qwen2.5-1.5B,1,float16,11,512,0.0001,0,0.0,True,64.96507922010032,0.25628304453748846,0.49756124535665114,11.0,72.57142857142857,81.21428571428571,13246.0,59.042857142857144,65.53814285714286,28.0,12.0,128.0,4773371904.0,101939999999.99998,281.1857142857143,-52.84285714285714,285.98571428571427,70,False
Qwen/Qwen2.5-1.5B,1,float16,11,512,0.0001,0,5.0,True,65.17241171836342,0.2571009578614515,0.49914918486626336,11.0,69.43333333333334,82.5,13262.0,59.583333333333336,65.76316666666666,28.0,12.0,128.0,4773371904.0,101939999999.99998,281.25,-53.0,285.96666666666664,60,False
Qwen/Qwen2.5-1.5B,1,float16,11,512,0.0001,5,0.0,True,65.0176899595748,0.2564905905091051,0.49796418591127367,11.0,71.0,79.85333333333334,13590.0,59.53333333333333,65.77813333333333,28.0,12.0,128.0,4773371904.0,101939999999.99998,281.3333333333333,-53.0,286.06666666666666,75,False
Qwen/Qwen2.5-1.5B,1,float16,11,512,0.0001,5,5.0,True,64.96461580618077,0.2562812163994856,0.4975576961143552,11.0,69.37333333333333,76.21333333333334,13306.0,59.04,65.40026666666667,28.0,12.0,128.0,4773371904.0,101939999999.99998,281.2,-53.0,286.02666666666664,75,False
Qwen/Qwen2.5-1.5B,1,float16,11,2048,0.0001,0,0.0,True,65.08822402620615,0.2567688428495456,0.4985043994914692,11.0,71.0945945945946,79.62162162162163,13260.0,59.2972972972973,65.63581081081081,28.0,12.0,128.0,4773371904.0,101939999999.99998,281.27027027027026,-53.0,285.9864864864865,74,False
Qwen/Qwen2.5-1.5B,1,float16,11,2048,0.0001,0,5.0,True,64.99602170503765,0.25640511064347177,0.49779823084985253,11.0,71.03846153846153,79.37179487179488,13258.0,58.64102564102564,65.91794871794872,28.0,12.0,128.0,4773371904.0,101939999999.99998,281.15384615384613,-53.0,285.9230769230769,78,False
Qwen/Qwen2.5-1.5B,1,float16,11,2048,0.0001,5,0.0,True,64.95230936743475,0.2562326682929165,0.4974634422927346,11.0,69.71428571428571,79.88571428571429,13264.0,59.31428571428572,66.00685714285714,28.0,12.0,128.0,4773371904.0,101939999999.99998,281.25714285714287,-53.0,286.01428571428573,70,False
Qwen/Qwen2.5-1.5B,1,float16,11,2048,0.0001,5,5.0,True,65.0673467941932,0.2566864835167159,0.4983445027948952,11.0,68.66666666666667,78.07575757575758,13250.0,59.121212121212125,66.21075757575757,28.0,12.0,128.0,4773371904.0,101939999999.99998,281.3030303030303,-53.0,286.07575757575756,66,False
Qwen/Qwen2.5-1.5B,4,bfloat16,11,512,0.0001,0,0.0,True,259.0188308257411,1.0218125699756375,1.9839460748014452,11.0,70.41071428571429,83.5,13664.0,59.94642857142857,68.96357142857143,28.0,12.0,128.0,4773371904.0,407790000000.0,281.25,-53.0,286.0357142857143,56,False
Qwen/Qwen2.5-1.5B,4,bfloat16,11,512,0.0001,0,5.0,True,258.9922848150096,1.0217078476766388,1.9837427465197743,11.0,72.45945945945945,80.62162162162163,13522.0,59.027027027027025,67.94013513513514,28.0,12.0,128.0,4773371904.0,407790000000.0,281.18918918918916,-53.0,285.93243243243245,74,False
Qwen/Qwen2.5-1.5B,4,bfloat16,11,512,0.0001,5,0.0,True,259.3172814834161,1.0229899385575187,1.9862320476356543,11.0,72.67123287671232,80.10958904109589,13974.0,58.61643835616438,67.4241095890411,28.0,12.0,128.0,4773371904.0,407790000000.0,281.17808219178085,-53.0,285.93150684931504,73,False
Qwen/Qwen2.5-1.5B,4,bfloat16,11,512,0.0001,5,5.0,True,258.9999507653014,1.0217380893557628,1.983801463609734,11.0,71.79411764705883,79.69117647058823,13962.0,58.838235294117645,67.82323529411764,28.0,12.0,128.0,4773371904.0,407790000000.0,281.1470588235294,-52.970588235294116,285.88235294117646,68,False
Qwen/Qwen2.5-1.5B,4,bfloat16,11,2048,0.0001,0,0.0,True,259.25505355452674,1.0227444533943746,1.9857554148948247,11.0,73.45901639344262,82.45901639344262,13572.0,59.114754098360656,67.23836065573771,28.0,12.0,128.0,4773371904.0,407790000000.0,281.1311475409836,-53.0,285.9672131147541,61,False
Qwen/Qwen2.5-1.5B,4,bfloat16,11,2048,0.0001,0,5.0,True,259.1277931608707,1.0222424193550608,1.9847806681643776,11.0,72.18666666666667,78.56,13546.0,58.906666666666666,67.76360000000001,28.0,12.0,128.0,4773371904.0,407790000000.0,281.24,-52.92,285.9866666666667,75,False
Qwen/Qwen2.5-1.5B,4,bfloat16,11,2048,0.0001,5,0.0,True,259.026072829103,1.021841139211486,1.9840015446840704,11.0,71.06896551724138,82.24137931034483,13546.0,58.89655172413793,67.52448275862069,28.0,12.0,128.0,4773371904.0,407790000000.0,281.2413793103448,-53.0,285.98275862068965,58,False
Qwen/Qwen2.5-1.5B,4,bfloat16,11,2048,0.0001,5,5.0,True,258.96339258434404,1.0215938696914295,1.9835214474449598,11.0,75.625,84.06944444444444,13912.0,59.013888888888886,68.16319444444444,28.0,12.0,128.0,4773371904.0,407790000000.0,281.1388888888889,-52.94444444444444,285.8888888888889,72,False
Qwen/Qwen2.5-1.5B,4,float16,11,512,0.0001,0,0.0,True,258.8443718750839,1.0211243406752504,1.9826098123016613,11.0,69.26,80.94,13532.0,58.52,66.1634,28.0,12.0,128.0,4773371904.0,407790000000.0,281.22,-53.0,285.88,50,False
Qwen/Qwen2.5-1.5B,4,float16,11,512,0.0001,0,5.0,True,258.86088258740585,1.021189474369724,1.9827362755506808,11.0,71.4931506849315,80.56164383561644,13540.0,59.0958904109589,66.33109589041096,28.0,12.0,128.0,4773371904.0,407790000000.0,281.3013698630137,-53.0,286.0821917808219,73,False
Qwen/Qwen2.5-1.5B,4,float16,11,512,0.0001,5,0.0,True,259.21440829969396,1.0225841104873912,1.9854440939243458,11.0,72.63888888888889,79.06944444444444,13978.0,58.69444444444444,65.29152777777777,28.0,12.0,128.0,4773371904.0,407790000000.0,281.3611111111111,-53.0,286.0416666666667,72,False
Qwen/Qwen2.5-1.5B,4,float16,11,512,0.0001,5,5.0,True,258.79656415467315,1.0209357423038432,1.9822436306655553,11.0,73.36,80.58666666666667,13966.0,59.266666666666666,65.63773333333333,28.0,12.0,128.0,4773371904.0,407790000000.0,281.32,-53.0,286.02666666666664,75,False
Qwen/Qwen2.5-1.5B,4,float16,11,2048,0.0001,0,0.0,True,258.82491040619186,1.0210475664365566,1.9824607478313483,11.0,71.98360655737704,80.91803278688525,13552.0,59.08196721311475,65.45737704918032,28.0,12.0,128.0,4773371904.0,407790000000.0,281.344262295082,-53.0,286.0163934426229,61,False
Qwen/Qwen2.5-1.5B,4,float16,11,2048,0.0001,0,5.0,True,258.5976328125556,1.020150970998646,1.9807199227015793,11.0,74.22,86.16,13546.0,58.6,65.8772,28.0,12.0,128.0,4773371904.0,407790000000.0,281.2,-53.0,286.04,50,False
Qwen/Qwen2.5-1.5B,4,float16,11,2048,0.0001,5,0.0,True,259.5865534285788,1.0240521990017957,1.9882945270969221,11.0,72.92957746478874,80.15492957746478,13990.0,58.63380281690141,65.06070422535211,28.0,12.0,128.0,4773371904.0,407790000000.0,281.40845070422534,-53.0,286.07042253521126,71,False
Qwen/Qwen2.5-1.5B,4,float16,11,2048,0.0001,5,5.0,True,259.2346412217145,1.0226639280588865,1.9855990673141055,11.0,71.48387096774194,81.14516129032258,13984.0,58.95161290322581,66.2233870967742,28.0,12.0,128.0,4773371904.0,407790000000.0,281.3225806451613,-53.0,286.06451612903226,62,False
Qwen/Qwen2.5-1.5B,8,bfloat16,11,512,0.0001,0,0.0,True,518.4286945678683,2.0451677395683143,3.9708872531523483,11.0,76.22857142857143,82.02857142857142,14064.0,60.47142857142857,67.04928571428572,28.0,12.0,128.0,4773371904.0,815580000000.0,281.27142857142854,-53.0,286.01428571428573,70,False
Qwen/Qwen2.5-1.5B,8,bfloat16,11,512,0.0001,0,5.0,True,518.4295116208614,2.0451709627896375,3.970893511342432,11.0,72.38709677419355,82.16129032258064,13504.0,59.45161290322581,68.33161290322582,28.0,12.0,128.0,4773371904.0,815580000000.0,281.2258064516129,-53.0,286.0,62,False
Qwen/Qwen2.5-1.5B,8,bfloat16,11,512,0.0001,5,0.0,True,519.0169034037187,2.0474881854614817,3.97539261906466,11.0,75.93055555555556,82.875,13906.0,59.111111111111114,68.10416666666667,28.0,12.0,128.0,4773371904.0,815580000000.0,281.19444444444446,-52.97222222222222,285.875,72,False
Qwen/Qwen2.5-1.5B,8,bfloat16,11,512,0.0001,5,5.0,True,519.0579302839195,2.047650033855911,3.9757068630818853,11.0,71.44827586206897,82.34482758620689,13896.0,59.241379310344826,68.47189655172414,28.0,12.0,128.0,4773371904.0,815580000000.0,281.2241379310345,-52.89655172413793,285.82758620689657,58,False
Qwen/Qwen2.5-1.5B,8,bfloat16,11,2048,0.0001,0,0.0,True,516.5008214007855,2.037562404353249,3.956120773084642,11.0,68.66071428571429,78.94642857142857,13574.0,59.160714285714285,68.55803571428571,28.0,12.0,128.0,4773371904.0,815580000000.0,281.2142857142857,-53.0,285.98214285714283,56,False
Qwen/Qwen2.5-1.5B,8,bfloat16,11,2048,0.0001,0,5.0,True,518.3241399898586,2.044755278506243,3.97008642085771,11.0,73.05333333333333,79.4,13500.0,59.586666666666666,68.0548,28.0,12.0,128.0,4773371904.0,815580000000.0,281.18666666666667,-52.82666666666667,285.8666666666667,75,False
Qwen/Qwen2.5-1.5B,8,bfloat16,11,2048,0.0001,5,0.0,True,518.6991843076521,2.046234804133772,3.9729590602708016,11.0,71.9746835443038,78.17721518987342,13938.0,59.45569620253165,67.84784810126581,28.0,12.0,128.0,4773371904.0,815580000000.0,281.1392405063291,-52.9873417721519,285.8481012658228,79,False
Qwen/Qwen2.5-1.5B,8,bfloat16,11,2048,0.0001,5,5.0,True,518.4080887003244,2.0450864507507998,3.9707294231988213,11.0,75.45714285714286,81.81428571428572,13898.0,59.08571428571429,67.61557142857143,28.0,12.0,128.0,4773371904.0,815580000000.0,281.2142857142857,-52.55714285714286,285.92857142857144,70,False
Qwen/Qwen2.5-1.5B,8,float16,11,512,0.0001,0,0.0,True,518.4636509170801,2.0453056401097967,3.971155000140423,11.0,76.46478873239437,80.45070422535211,13506.0,59.521126760563384,66.86788732394366,28.0,12.0,128.0,4773371904.0,815580000000.0,281.1830985915493,-52.76056338028169,285.9577464788732,71,False
Qwen/Qwen2.5-1.5B,8,float16,11,512,0.0001,0,5.0,True,517.4010058295738,2.041113573824982,3.9630157056206223,11.0,74.32307692307693,80.72307692307692,13522.0,60.13846153846154,66.57046153846154,28.0,12.0,128.0,4773371904.0,815580000000.0,281.38461538461536,-53.0,286.03076923076924,65,False
Qwen/Qwen2.5-1.5B,8,float16,11,512,0.0001,5,0.0,True,519.3406469589969,2.048765332891949,3.9778723220024292,11.0,74.76785714285714,85.32142857142857,13910.0,59.142857142857146,67.29821428571428,28.0,12.0,128.0,4773371904.0,815580000000.0,281.35714285714283,-53.0,286.10714285714283,56,False
Qwen/Qwen2.5-1.5B,8,float16,11,512,0.0001,5,5.0,True,517.1777920061726,2.0402330096983636,3.9613060068031016,11.0,71.37931034482759,80.53448275862068,13888.0,60.12068965517241,67.50396551724138,28.0,12.0,128.0,4773371904.0,815580000000.0,281.36206896551727,-53.0,286.08620689655174,58,False
Qwen/Qwen2.5-1.5B,8,float16,11,2048,0.0001,0,0.0,True,518.9047935605288,2.0470459193659076,3.9745339174689716,11.0,73.56923076923077,83.98461538461538,13526.0,59.61538461538461,68.16738461538462,28.0,12.0,128.0,4773371904.0,815580000000.0,281.24615384615385,-53.0,286.03076923076924,65,False
Qwen/Qwen2.5-1.5B,8,float16,11,2048,0.0001,0,5.0,True,517.8161360455321,2.0427512357335407,3.9661953816304942,11.0,73.85526315789474,81.17105263157895,13520.0,59.578947368421055,67.67723684210527,28.0,12.0,128.0,4773371904.0,815580000000.0,281.32894736842104,-53.0,285.9736842105263,76,False
Qwen/Qwen2.5-1.5B,8,float16,11,2048,0.0001,5,0.0,True,519.075633951531,2.0477198736820057,3.97584246373206,11.0,72.76315789473684,80.21052631578948,13910.0,59.61842105263158,67.56092105263158,28.0,12.0,128.0,4773371904.0,815580000000.0,281.39473684210526,-53.0,286.11842105263156,76,False
Qwen/Qwen2.5-1.5B,8,float16,11,2048,0.0001,5,5.0,True,518.5197831834059,2.045527078277555,3.971584943357647,11.0,75.69014084507042,81.8169014084507,13904.0,60.014084507042256,66.62957746478872,28.0,12.0,128.0,4773371904.0,815580000000.0,281.3943661971831,-53.0,286.09859154929575,71,False
Qwen/Qwen2.5-1.5B,16,bfloat16,11,512,0.0001,0,0.0,True,981.6208894819913,3.8724310530849806,7.518554101524985,11.0,76.07142857142857,81.57142857142857,14240.0,59.82142857142857,68.12678571428572,28.0,12.0,128.0,4773371904.0,1631130000000.0002,281.2857142857143,-53.0,286.0,56,False
Qwen/Qwen2.5-1.5B,16,bfloat16,11,512,0.0001,0,5.0,True,982.0223862179043,3.874014931794695,7.521629295790807,11.0,75.54716981132076,83.0377358490566,14148.0,59.075471698113205,67.88245283018868,28.0,12.0,128.0,4773371904.0,1631130000000.0002,281.0943396226415,-53.0,285.8867924528302,53,False
Qwen/Qwen2.5-1.5B,16,bfloat16,11,512,0.0001,5,0.0,True,981.3791731039815,3.8714774975746264,7.51670271706,11.0,74.52,85.64,13992.0,59.3,68.241,28.0,12.0,128.0,4773371904.0,1631130000000.0002,281.24,-53.0,285.98,50,False
Qwen/Qwen2.5-1.5B,16,bfloat16,11,512,0.0001,5,5.0,True,982.2612029302029,3.874957048310969,7.523458470771703,11.0,76.58333333333333,82.65,13974.0,59.166666666666664,67.90166666666667,28.0,12.0,128.0,4773371904.0,1631130000000.0002,281.15,-52.75,285.9,60,False
Qwen/Qwen2.5-1.5B,16,bfloat16,11,2048,0.0001,0,0.0,True,983.2540449727453,3.87887374608864,7.531062971339191,11.0,75.55737704918033,80.77049180327869,14206.0,59.63934426229508,68.43278688524589,28.0,12.0,128.0,4773371904.0,1631130000000.0002,281.24590163934425,-53.0,286.08196721311475,61,False
Qwen/Qwen2.5-1.5B,16,bfloat16,11,2048,0.0001,0,5.0,True,980.8394271366369,3.8693482345698165,7.512568626903562,11.0,76.5,84.68,13698.0,59.0,68.09020000000001,28.0,12.0,128.0,4773371904.0,1631130000000.0002,281.12,-52.96,285.76,50,False
Qwen/Qwen2.5-1.5B,16,bfloat16,11,2048,0.0001,5,0.0,True,982.1553697896234,3.8745395434020815,7.522647860278684,11.0,77.24193548387096,82.80645161290323,13990.0,59.53225806451613,67.06967741935483,28.0,12.0,128.0,4773371904.0,1631130000000.0002,281.241935483871,-53.0,285.9193548387097,62,False
Qwen/Qwen2.5-1.5B,16,bfloat16,11,2048,0.0001,5,5.0,True,982.9693319234096,3.8777505714850036,7.528882261364723,11.0,72.66,83.8,13996.0,58.9,67.2572,28.0,12.0,128.0,4773371904.0,1631130000000.0002,281.14,-52.76,285.84,50,False
Qwen/Qwen2.5-1.5B,16,float16,11,512,0.0001,0,0.0,True,994.0797994996899,3.921580648979978,7.613980951154814,11.0,76.8125,82.6875,13684.0,60.421875,67.1840625,28.0,12.0,128.0,4773371904.0,1631130000000.0002,281.15625,-52.875,285.96875,64,False
Qwen/Qwen2.5-1.5B,16,float16,11,512,0.0001,0,5.0,True,994.7429059767521,3.9241965612336713,7.619059899633076,11.0,77.0,82.81666666666666,14130.566666666668,60.016666666666666,68.5615,28.0,12.0,128.0,4773371904.0,1631130000000.0002,281.26666666666665,-53.0,286.06666666666666,60,False
Qwen/Qwen2.5-1.5B,16,float16,11,512,0.0001,5,0.0,True,994.0677240111227,3.9215330119569582,7.6138884610549535,11.0,74.51851851851852,83.22222222222223,13996.0,60.05555555555556,67.56722222222223,28.0,12.0,128.0,4773371904.0,1631130000000.0002,281.22222222222223,-53.0,286.1296296296296,54,False
Qwen/Qwen2.5-1.5B,16,float16,11,512,0.0001,5,5.0,True,995.690917276298,3.9279364046236935,7.626321026938807,11.0,75.53846153846153,80.84615384615384,13974.0,60.23076923076923,68.27723076923077,28.0,12.0,128.0,4773371904.0,1631130000000.0002,281.44615384615383,-53.0,286.0615384615385,65,False
Qwen/Qwen2.5-1.5B,16,float16,11,2048,0.0001,0,0.0,True,993.8875405797766,3.9208221999497237,7.612508377469436,11.0,75.28358208955224,80.67164179104478,13696.0,60.55223880597015,67.92805970149254,28.0,12.0,128.0,4773371904.0,1631130000000.0002,281.2835820895522,-53.0,286.04477611940297,67,False
Qwen/Qwen2.5-1.5B,16,float16,11,2048,0.0001,0,5.0,True,992.8706314943707,3.916810559241295,7.604719539582143,11.0,77.76363636363637,82.30909090909091,14139.89090909091,60.38181818181818,68.74345454545454,28.0,12.0,128.0,4773371904.0,1631130000000.0002,281.3636363636364,-53.0,286.0,55,False
Qwen/Qwen2.5-1.5B,16,float16,11,2048,0.0001,5,0.0,True,995.1807588207611,3.925923862443323,7.622413557171808,11.0,73.96,84.82,14008.0,60.22,67.63159999999999,28.0,12.0,128.0,4773371904.0,1631130000000.0002,281.4,-53.0,286.2,50,False
Qwen/Qwen2.5-1.5B,16,float16,11,2048,0.0001,5,5.0,True,995.1980249762158,3.9259919763121975,7.622545804279935,11.0,73.61290322580645,79.70967741935483,14002.0,60.483870967741936,67.50693548387098,28.0,12.0,128.0,4773371904.0,1631130000000.0002,281.4032258064516,-53.0,286.0806451612903,62,False
Qwen/Qwen2.5-1.5B,32,bfloat16,11,512,0.0001,0,0.0,True,1717.2625457125268,6.774489907021233,13.184279969196007,11.0,79.28,83.32,14116.0,60.02,69.0294,28.0,12.0,128.0,4773371904.0,3270000000000.0005,281.26,-53.0,285.94,50,False
Qwen/Qwen2.5-1.5B,32,bfloat16,11,512,0.0001,0,5.0,True,1715.3093408102786,6.766784639745905,13.169284242227677,11.0,81.62,79.76,14080.0,58.88,68.37060000000001,28.0,12.0,128.0,4773371904.0,3270000000000.0005,281.2,-53.0,285.82,50,False
Qwen/Qwen2.5-1.5B,32,bfloat16,11,512,0.0001,5,0.0,True,1715.9245838910429,6.76921173399041,13.174007769824641,11.0,83.5,83.48,14286.0,59.84,67.8216,28.0,12.0,128.0,4773371904.0,3270000000000.0005,281.26,-53.0,285.92,50,False
Qwen/Qwen2.5-1.5B,32,bfloat16,11,512,0.0001,5,5.0,True,1716.7578724849695,6.7724990037112125,13.180405341439357,11.0,80.98,82.3,14268.0,59.08,68.6694,28.0,12.0,128.0,4773371904.0,3270000000000.0005,281.14,-52.98,285.96,50,False
Qwen/Qwen2.5-1.5B,32,bfloat16,11,2048,0.0001,0,0.0,True,1716.0693176058217,6.7697826991537875,13.175118962648003,11.0,80.04,80.84,13742.0,59.68,68.9864,28.0,12.0,128.0,4773371904.0,3270000000000.0005,281.26,-53.0,285.92,50,False
Qwen/Qwen2.5-1.5B,32,bfloat16,11,2048,0.0001,0,5.0,True,1716.4101455927096,6.771127243564289,13.177735668877162,11.0,80.48,84.4,13694.0,59.12,68.4076,28.0,12.0,128.0,4773371904.0,3270000000000.0005,281.18,-52.64,285.9,50,False
Qwen/Qwen2.5-1.5B,32,bfloat16,11,2048,0.0001,5,0.0,True,1715.461175424151,6.767383617497899,13.17044995219049,11.0,77.36,84.2,13850.0,59.84,69.09140000000001,28.0,12.0,128.0,4773371904.0,3270000000000.0005,281.2,-53.0,285.96,50,False
Qwen/Qwen2.5-1.5B,32,bfloat16,11,2048,0.0001,5,5.0,True,1717.9456797407734,6.777184826671727,13.189524729414748,11.0,81.96,82.88,13836.0,59.3,68.1956,28.0,12.0,128.0,4773371904.0,3270000000000.0005,281.12,-52.84,285.86,50,False
Qwen/Qwen2.5-1.5B,32,float16,11,512,0.0001,0,0.0,True,1824.1706158800077,7.196235343755377,14.005066477102803,11.0,78.42,86.04,14082.0,60.88,69.0138,28.0,12.0,128.0,4773371904.0,3270000000000.0005,281.1,-53.0,285.92,50,False
Qwen/Qwen2.5-1.5B,32,float16,11,512,0.0001,0,5.0,True,1822.9748700128105,7.191518203485291,13.995886140453349,11.0,79.42,86.94,13652.0,60.16,68.7876,28.0,12.0,128.0,4773371904.0,3270000000000.0005,281.28,-53.0,286.1,50,False
Qwen/Qwen2.5-1.5B,32,float16,11,512,0.0001,5,0.0,True,1826.6656555647114,7.20607811427631,14.024222139595715,11.0,80.7,84.4,13832.0,61.02,69.18260000000001,28.0,12.0,128.0,4773371904.0,3270000000000.0005,281.18,-53.0,285.98,50,False
Qwen/Qwen2.5-1.5B,32,float16,11,512,0.0001,5,5.0,True,1824.6513875860608,7.1981319571057165,14.008757600972999,11.0,82.74,84.66,13830.0,60.62,68.993,28.0,12.0,128.0,4773371904.0,3270000000000.0005,281.48,-53.0,286.22,50,False
Qwen/Qwen2.5-1.5B,32,float16,11,2048,0.0001,0,0.0,True,1824.7137905469883,7.198378132758954,14.009236699588309,11.0,79.0,85.56,13780.0,60.9,69.3516,28.0,12.0,128.0,4773371904.0,3270000000000.0005,281.24,-53.0,286.12,50,False
Qwen/Qwen2.5-1.5B,32,float16,11,2048,0.0001,0,5.0,True,1827.0711412189476,7.2076777290113565,14.027335254944497,11.0,78.16,86.92,14068.0,60.1,69.33059999999999,28.0,12.0,128.0,4773371904.0,3270000000000.0005,281.34,-53.0,286.0,50,False
Qwen/Qwen2.5-1.5B,32,float16,11,2048,0.0001,5,0.0,True,1826.3008072570271,7.2046388112505895,14.021421017398758,11.0,82.08,84.82,13856.0,61.26,68.9548,28.0,12.0,128.0,4773371904.0,3270000000000.0005,281.32,-53.0,286.1,50,False
Qwen/Qwen2.5-1.5B,32,float16,11,2048,0.0001,5,5.0,True,1824.7271071308153,7.198430665822671,14.009338937635626,11.0,78.3,85.8,13838.0,60.46,69.0912,28.0,12.0,128.0,4773371904.0,3270000000000.0005,281.36,-53.0,286.08,50,False
Qwen/Qwen2.5-1.5B,64,bfloat16,11,512,0.0001,0,0.0,True,2456.519556300639,9.690811100555385,18.773410865323484,11.0,95.44,75.02,15140.0,59.84,69.1888,28.0,12.0,128.0,4773371904.0,6510000000000.0,281.26,-53.0,286.0,50,False
Qwen/Qwen2.5-1.5B,64,bfloat16,11,512,0.0001,0,5.0,True,2462.124690244517,9.712922992196594,18.816246869707694,11.0,92.64,79.24,15040.0,59.72,68.9446,28.0,12.0,128.0,4773371904.0,6510000000000.0,281.32,-53.0,285.88,50,False
Qwen/Qwen2.5-1.5B,64,bfloat16,11,512,0.0001,5,0.0,True,2459.872565276965,9.704038504556586,18.799035499569214,11.0,92.12,76.46,15066.0,59.68,68.925,28.0,12.0,128.0,4773371904.0,6510000000000.0,281.32,-53.0,286.02,50,False
Qwen/Qwen2.5-1.5B,64,bfloat16,11,512,0.0001,5,5.0,True,2462.081646385945,9.712753186952673,18.81591791647786,11.0,95.38,75.38,15054.0,59.56,68.8334,28.0,12.0,128.0,4773371904.0,6510000000000.0,281.28,-53.0,286.1,50,False
Qwen/Qwen2.5-1.5B,64,bfloat16,11,2048,0.0001,0,0.0,True,2458.3540715784497,9.69804814492279,18.78743074518185,11.0,96.82,74.0,15084.0,60.44,68.1888,28.0,12.0,128.0,4773371904.0,6510000000000.0,281.2,-52.98,285.98,50,False
Qwen/Qwen2.5-1.5B,64,bfloat16,11,2048,0.0001,0,5.0,True,2459.2989159412587,9.701775494951786,18.794651510586014,11.0,92.72,77.54,15072.0,59.34,69.4314,28.0,12.0,128.0,4773371904.0,6510000000000.0,281.2,-52.7,285.98,50,False
Qwen/Qwen2.5-1.5B,64,bfloat16,11,2048,0.0001,5,0.0,True,2458.8800137161397,9.700122952710544,18.791450142388324,11.0,96.06,76.04,15076.0,60.04,68.9916,28.0,12.0,128.0,4773371904.0,6510000000000.0,281.2,-53.0,285.98,50,False
Qwen/Qwen2.5-1.5B,64,bfloat16,11,2048,0.0001,5,5.0,True,2460.516981124255,9.706580683482162,18.803960306065573,11.0,92.52,75.28,15066.0,59.44,69.6254,28.0,12.0,128.0,4773371904.0,6510000000000.0,281.26,-52.72,285.92,50,False
Qwen/Qwen2.5-1.5B,64,float16,11,512,0.0001,0,0.0,True,2739.4708779765283,10.807035802280472,20.935804159968065,11.0,92.24,81.66,15050.0,60.88,69.7364,28.0,12.0,128.0,4773371904.0,6510000000000.0,281.2,-53.0,286.0,50,False
Qwen/Qwen2.5-1.5B,64,float16,11,512,0.0001,0,5.0,True,2743.124127369532,10.821447635347306,20.963723315617543,11.0,89.62,79.74,15068.0,60.42,69.9844,28.0,12.0,128.0,4773371904.0,6510000000000.0,281.14,-53.0,286.1,50,False
Qwen/Qwen2.5-1.5B,64,float16,11,512,0.0001,5,0.0,True,2742.5904642138635,10.819342368641962,20.95964491222794,11.0,90.58,81.88,15054.0,61.28,68.8542,28.0,12.0,128.0,4773371904.0,6510000000000.0,281.22,-53.0,286.06,50,False
Qwen/Qwen2.5-1.5B,64,float16,11,512,0.0001,5,5.0,True,2745.392064649209,10.830394501538088,20.98105552787654,11.0,84.02,84.1,15048.0,60.26,70.7632,28.0,12.0,128.0,4773371904.0,6510000000000.0,281.28,-52.98,286.1,50,False
Qwen/Qwen2.5-1.5B,64,float16,11,2048,0.0001,0,0.0,True,2743.6563351015125,10.82354716050014,20.96779059625146,11.0,91.1,84.06,15074.0,61.08,69.89659999999999,28.0,12.0,128.0,4773371904.0,6510000000000.0,281.24,-53.0,286.1,50,False
Qwen/Qwen2.5-1.5B,64,float16,11,2048,0.0001,0,5.0,True,2740.3957385288204,10.810684317466778,20.942872203491994,11.0,94.44,80.74,15050.0,60.44,69.7352,28.0,12.0,128.0,4773371904.0,6510000000000.0,281.28,-53.0,286.0,50,False
Qwen/Qwen2.5-1.5B,64,float16,11,2048,0.0001,5,0.0,True,2741.487990507332,10.814993181025718,20.951219499204935,11.0,84.48,84.06,15070.0,60.96,70.05720000000001,28.0,12.0,128.0,4773371904.0,6510000000000.0,281.28,-53.0,286.06,50,False
Qwen/Qwen2.5-1.5B,64,float16,11,2048,0.0001,5,5.0,True,2742.1295974957548,10.81752427918435,20.956122839614668,11.0,92.92,83.12,15060.0,60.7,69.5984,28.0,12.0,128.0,4773371904.0,6510000000000.0,281.38,-53.0,286.06,50,False
Qwen/Qwen2.5-1.5B,128,bfloat16,11,512,0.0001,0,0.0,True,3062.4637085675117,12.08122167231058,23.458132628666196,11.0,100.0,73.3,17938.0,60.88,69.4988,28.0,12.0,128.0,4773371904.0,13049999999999.998,281.2,-53.0,286.02,50,False
Qwen/Qwen2.5-1.5B,128,bfloat16,11,512,0.0001,0,5.0,True,3060.5698108399815,12.073750368011707,23.443625581953043,11.0,99.8,75.22,18081.8,60.0,69.6874,28.0,12.0,128.0,4773371904.0,13049999999999.998,281.32,-53.0,285.98,50,False
Qwen/Qwen2.5-1.5B,128,bfloat16,11,512,0.0001,5,0.0,True,3063.483217086154,12.085243567615356,23.46594195093815,11.0,99.86,73.78,17878.0,60.6,69.3722,28.0,12.0,128.0,4773371904.0,13049999999999.998,281.2,-53.0,286.02,50,False
Qwen/Qwen2.5-1.5B,128,bfloat16,11,512,0.0001,5,5.0,True,3066.161593098591,12.095809588116277,23.486458014378645,11.0,99.9,76.6,17860.0,60.14,69.34819999999999,28.0,12.0,128.0,4773371904.0,13049999999999.998,281.36,-52.96,285.98,50,False
Qwen/Qwen2.5-1.5B,128,bfloat16,11,2048,0.0001,0,0.0,True,3060.62807857546,12.073980230467441,23.444071906349635,11.0,99.92,73.0,17680.0,60.44,69.9572,28.0,12.0,128.0,4773371904.0,13049999999999.998,281.2,-53.0,286.02,50,False
Qwen/Qwen2.5-1.5B,128,bfloat16,11,2048,0.0001,0,5.0,True,3060.692525190836,12.07423446820558,23.44456556028151,11.0,100.0,76.5,17710.0,60.36,69.5368,28.0,12.0,128.0,4773371904.0,13049999999999.998,281.3,-52.86,285.98,50,False
Qwen/Qwen2.5-1.5B,128,bfloat16,11,2048,0.0001,5,0.0,True,3062.781680191089,12.082476049843024,23.46056825606552,11.0,100.0,76.88,17880.0,60.58,69.4456,28.0,12.0,128.0,4773371904.0,13049999999999.998,281.24,-53.0,286.12,50,False
Qwen/Qwen2.5-1.5B,128,bfloat16,11,2048,0.0001,5,5.0,True,3064.8352473650752,12.09057723980276,23.47629835304413,11.0,100.0,77.12,17878.0,60.32,69.2746,28.0,12.0,128.0,4773371904.0,13049999999999.998,281.34,-52.94,285.9,50,False
Qwen/Qwen2.5-1.5B,128,float16,11,512,0.0001,0,0.0,True,3580.269421908504,14.123931791147418,27.42446701018147,11.0,100.0,82.5,17674.0,61.38,70.5588,28.0,12.0,128.0,4773371904.0,13049999999999.998,281.22,-53.0,285.98,50,False
Qwen/Qwen2.5-1.5B,128,float16,11,512,0.0001,0,5.0,True,3582.823957724692,14.134009270067047,27.44403447144254,11.0,100.0,82.3,17706.0,60.7,70.2336,28.0,12.0,128.0,4773371904.0,13049999999999.998,281.28,-53.0,286.06,50,False
Qwen/Qwen2.5-1.5B,128,float16,11,512,0.0001,5,0.0,True,3580.8929854444946,14.12639170905077,27.429243437764512,11.0,99.74,80.96,17878.0,61.48,70.7248,28.0,12.0,128.0,4773371904.0,13049999999999.998,281.2,-53.0,286.12,50,False
Qwen/Qwen2.5-1.5B,128,float16,11,512,0.0001,5,5.0,True,3581.9992876168053,14.130755999717419,27.437717589805192,11.0,99.98,83.06,17866.0,60.78,69.6156,28.0,12.0,128.0,4773371904.0,13049999999999.998,281.34,-53.0,286.16,50,False
Qwen/Qwen2.5-1.5B,128,float16,11,2048,0.0001,0,0.0,True,3579.007297844661,14.118952793175755,27.414799279719674,11.0,99.84,84.32,17652.0,61.44,70.4998,28.0,12.0,128.0,4773371904.0,13049999999999.998,281.28,-53.0,286.04,50,False
Qwen/Qwen2.5-1.5B,128,float16,11,2048,0.0001,0,5.0,True,3582.5069204187234,14.132758578357272,27.44160600081256,11.0,99.98,82.64,17666.0,60.92,70.4276,28.0,12.0,128.0,4773371904.0,13049999999999.998,281.24,-53.0,286.0,50,False
Qwen/Qwen2.5-1.5B,128,float16,11,2048,0.0001,5,0.0,True,3579.990075262876,14.122829786660047,27.422327245832857,11.0,99.78,80.7,17898.0,61.5,69.81739999999999,28.0,12.0,128.0,4773371904.0,13049999999999.998,281.22,-53.0,286.06,50,False
Qwen/Qwen2.5-1.5B,128,float16,11,2048,0.0001,5,5.0,True,3583.9828093705537,14.138580865015197,27.452911146627134,11.0,100.0,85.32,17866.0,60.72,70.485,28.0,12.0,128.0,4773371904.0,13049999999999.998,281.3,-53.0,286.06,50,False
baseline,0,bfloat16,0,512,0.0001,0,0.0,True,0.0,0.0,0.0,0.0,0.0,0.0,3.0,39.0,16.598399999999998,0.0,0.0,0.0,0.0,0.0,281.58,-52.82,286.16,50,False
gpt2-xl,1,bfloat16,11,512,0.0001,0,0.0,True,62.44275840978207,0.4581426629482103,0.4821838248953719,11.0,65.1639344262295,74.18032786885246,14072.0,57.032786885245905,66.05327868852459,48.0,25.0,64.0,8877772800.0,102779999999.99998,281.37704918032784,-52.90163934426229,286.11475409836066,61,False
gpt2-xl,1,bfloat16,11,512,0.0001,0,5.0,True,62.2354840598047,0.4566218905627832,0.4805832495617374,11.0,67.95348837209302,74.23255813953489,13538.0,58.46511627906977,65.10302325581395,48.0,25.0,64.0,8877772800.0,102779999999.99998,281.5348837209302,-52.77906976744186,286.1046511627907,86,False
gpt2-xl,1,bfloat16,11,512,0.0001,5,0.0,True,62.294051366976234,0.4570515990310285,0.4810355070997608,11.0,66.23529411764706,74.07352941176471,13286.0,58.48529411764706,65.52279411764707,48.0,25.0,64.0,8877772800.0,102779999999.99998,281.6029411764706,-52.911764705882355,286.20588235294116,68,False
gpt2-xl,1,bfloat16,11,512,0.0001,5,5.0,True,62.23916304094786,0.4566488832559439,0.4806116587038782,11.0,67.27710843373494,72.3855421686747,13284.0,58.54216867469879,65.5610843373494,48.0,25.0,64.0,8877772800.0,102779999999.99998,281.50602409638554,-52.602409638554214,286.12048192771084,83,False
gpt2-xl,1,bfloat16,11,2048,0.0001,0,0.0,True,62.32206542328375,0.4572571382269826,0.4812518320214203,11.0,67.3170731707317,73.32926829268293,13520.0,58.63414634146341,65.53999999999999,48.0,25.0,64.0,8877772800.0,102779999999.99998,281.5975609756098,-52.90243902439025,286.1951219512195,82,False
gpt2-xl,1,bfloat16,11,2048,0.0001,0,5.0,True,62.349949350325794,0.4574617226642148,0.48146715208313173,11.0,66.68831168831169,71.76623376623377,13666.0,58.12987012987013,65.60558441558442,48.0,25.0,64.0,8877772800.0,102779999999.99998,281.6233766233766,-53.0,286.12987012987014,77,False
gpt2-xl,1,bfloat16,11,2048,0.0001,5,0.0,True,62.30657395927831,0.4571434773197267,0.4811322067268688,11.0,64.96296296296296,72.34567901234568,13292.0,58.49382716049383,65.30555555555556,48.0,25.0,64.0,8877772800.0,102779999999.99998,281.75308641975306,-52.888888888888886,286.30864197530866,81,False
gpt2-xl,1,bfloat16,11,2048,0.0001,5,5.0,True,62.27259176629046,0.4568941498911383,0.4808697957730527,11.0,67.1923076923077,74.1923076923077,13266.0,58.62820512820513,65.4701282051282,48.0,25.0,64.0,8877772800.0,102779999999.99998,281.47435897435895,-52.64102564102564,286.11538461538464,78,False
gpt2-xl,1,float16,11,512,0.0001,0,0.0,True,62.25848644777477,0.45679065913654837,0.480760874312719,11.0,66.86206896551724,73.19540229885058,13526.0,58.747126436781606,63.41137931034483,48.0,25.0,64.0,8877772800.0,102779999999.99998,281.71264367816093,-52.95402298850575,286.1954022988506,87,False
gpt2-xl,1,float16,11,512,0.0001,0,5.0,True,62.22063138114576,0.45651291642509273,0.4804685569762704,11.0,66.53246753246754,72.6103896103896,13508.0,58.33766233766234,63.46454545454545,48.0,25.0,64.0,8877772800.0,102779999999.99998,281.7012987012987,-52.66233766233766,286.2857142857143,77,False
gpt2-xl,1,float16,11,512,0.0001,5,0.0,True,62.374719512659595,0.4576434614025774,0.4816584276116568,11.0,67.61111111111111,75.65555555555555,13304.0,58.766666666666666,63.52655555555556,48.0,25.0,64.0,8877772800.0,102779999999.99998,281.65555555555557,-52.34444444444444,286.24444444444447,90,False
gpt2-xl,1,float16,11,512,0.0001,5,5.0,True,62.290465698022345,0.4570252909696163,0.4810078185156074,11.0,66.07407407407408,71.61728395061728,13290.0,58.382716049382715,63.97481481481481,48.0,25.0,64.0,8877772800.0,102779999999.99998,281.5925925925926,-52.54320987654321,286.1604938271605,81,False
gpt2-xl,1,float16,11,2048,0.0001,0,0.0,True,62.34068699660246,0.45739376475351323,0.48139562806241915,11.0,68.13095238095238,73.88095238095238,13660.0,58.785714285714285,63.165238095238095,48.0,25.0,64.0,8877772800.0,102779999999.99998,281.67857142857144,-52.833333333333336,286.14285714285717,84,False
gpt2-xl,1,float16,11,2048,0.0001,0,5.0,True,62.26124703153873,0.45681091354601266,0.4807821915778775,11.0,67.61176470588235,72.51764705882353,13722.0,58.43529411764706,63.03564705882353,48.0,25.0,64.0,8877772800.0,102779999999.99998,281.6235294117647,-52.64705882352941,286.18823529411765,85,False
gpt2-xl,1,float16,11,2048,0.0001,5,0.0,True,62.392573597954765,0.45777445686770324,0.4817962970997588,11.0,65.9875,73.4625,13284.0,58.8375,63.659875,48.0,25.0,64.0,8877772800.0,102779999999.99998,281.6125,-52.9,286.1875,80,False
gpt2-xl,1,float16,11,2048,0.0001,5,5.0,True,62.37463942124978,0.45764287377171825,0.4816578091447071,11.0,67.65853658536585,74.0,13286.0,58.40243902439025,63.52,48.0,25.0,64.0,8877772800.0,102779999999.99998,281.6585365853659,-52.81707317073171,286.1707317073171,82,False
gpt2-xl,4,bfloat16,11,512,0.0001,0,0.0,True,247.9451888272104,1.8191744241827044,1.9143566739164746,11.0,70.93055555555556,74.98611111111111,13270.0,59.583333333333336,65.8675,48.0,25.0,64.0,8877772800.0,411060000000.00006,281.5416666666667,-52.708333333333336,286.1666666666667,72,False
gpt2-xl,4,bfloat16,11,512,0.0001,0,5.0,True,247.49495774531232,1.8158710776929612,1.9108804908111963,11.0,67.47692307692307,74.01538461538462,13432.0,58.47692307692308,65.59153846153846,48.0,25.0,64.0,8877772800.0,411060000000.00006,281.5076923076923,-52.784615384615385,286.18461538461537,65,False
gpt2-xl,4,bfloat16,11,512,0.0001,5,0.0,True,247.55965413318754,1.816345755240512,1.9113800042822702,11.0,69.60526315789474,75.11842105263158,13256.0,58.38157894736842,66.1321052631579,48.0,25.0,64.0,8877772800.0,411060000000.00006,281.64473684210526,-52.98684210526316,286.2105263157895,76,False
gpt2-xl,4,bfloat16,11,512,0.0001,5,5.0,True,247.25885501744847,1.8141387914322702,1.9090575684348678,11.0,68.42105263157895,73.46052631578948,13268.0,59.0,66.62407894736843,48.0,25.0,64.0,8877772800.0,411060000000.00006,281.9078947368421,-52.78947368421053,286.36842105263156,76,False
gpt2-xl,4,bfloat16,11,2048,0.0001,0,0.0,True,247.57546732258075,1.8164617766476827,1.9115020961235922,11.0,69.79518072289157,74.19277108433735,13478.0,58.3855421686747,66.21204819277109,48.0,25.0,64.0,8877772800.0,411060000000.00006,281.5903614457831,-53.0,286.1686746987952,83,False
gpt2-xl,4,bfloat16,11,2048,0.0001,0,5.0,True,247.80975530359402,1.8181807481065309,1.9133110070453674,11.0,69.32530120481928,73.50602409638554,13392.0,58.75903614457831,66.1122891566265,48.0,25.0,64.0,8877772800.0,411060000000.00006,281.6024096385542,-52.95180722891566,286.13253012048193,83,False
gpt2-xl,4,bfloat16,11,2048,0.0001,5,0.0,True,247.77859741141316,1.8179521425794993,1.9130704404946561,11.0,68.1639344262295,77.80327868852459,13326.0,58.68852459016394,66.49590163934427,48.0,25.0,64.0,8877772800.0,411060000000.00006,281.6393442622951,-52.81967213114754,286.24590163934425,61,False
gpt2-xl,4,bfloat16,11,2048,0.0001,5,5.0,True,247.90958435943853,1.8189131941202716,1.9140817758600828,11.0,68.2063492063492,77.12698412698413,13302.0,58.20634920634921,66.62492063492063,48.0,25.0,64.0,8877772800.0,411060000000.00006,281.53968253968253,-52.74603174603175,286.07936507936506,63,False
gpt2-xl,4,float16,11,512,0.0001,0,0.0,True,247.39311131326772,1.8151238301853723,1.9100941460637082,11.0,68.18823529411765,74.61176470588235,13474.0,58.35294117647059,63.92717647058824,48.0,25.0,64.0,8877772800.0,411060000000.00006,281.7294117647059,-52.96470588235294,286.1294117647059,85,False
gpt2-xl,4,float16,11,512,0.0001,0,5.0,True,247.45866492388043,1.815604797178132,1.9106002780542883,11.0,70.04615384615384,77.04615384615384,13466.0,58.43076923076923,64.49615384615385,48.0,25.0,64.0,8877772800.0,411060000000.00006,281.84615384615387,-52.84615384615385,286.3076923076923,65,False
gpt2-xl,4,float16,11,512,0.0001,5,0.0,True,247.70396344137023,1.8174045529685878,1.9124942000790697,11.0,68.96103896103897,74.93506493506493,13268.0,58.36363636363637,63.63857142857143,48.0,25.0,64.0,8877772800.0,411060000000.00006,281.54545454545456,-52.922077922077925,286.1818181818182,77,False
gpt2-xl,4,float16,11,512,0.0001,5,5.0,True,247.2052743012172,1.8137456695932934,1.9086438778035,11.0,66.33870967741936,75.54838709677419,13274.0,58.725806451612904,64.79032258064517,48.0,25.0,64.0,8877772800.0,411060000000.00006,281.5967741935484,-52.774193548387096,286.2903225806452,62,False
gpt2-xl,4,float16,11,2048,0.0001,0,0.0,True,247.45811021755244,1.81560072729652,1.9105959952296605,11.0,67.94366197183099,73.54929577464789,13410.0,58.84507042253521,63.74887323943662,48.0,25.0,64.0,8877772800.0,411060000000.00006,281.71830985915494,-52.901408450704224,286.14084507042253,71,False
gpt2-xl,4,float16,11,2048,0.0001,0,5.0,True,247.43539385436972,1.8154340572872816,1.9104206047666648,11.0,68.03571428571429,73.41666666666667,13406.0,59.035714285714285,64.34,48.0,25.0,64.0,8877772800.0,411060000000.00006,281.7261904761905,-52.595238095238095,286.26190476190476,84,False
gpt2-xl,4,float16,11,2048,0.0001,5,0.0,True,248.0645204630892,1.8200499606712865,1.9152780199390955,11.0,67.0,71.96296296296296,13308.0,58.32098765432099,64.04543209876543,48.0,25.0,64.0,8877772800.0,411060000000.00006,281.4567901234568,-52.629629629629626,286.14814814814815,81,False
gpt2-xl,4,float16,11,2048,0.0001,5,5.0,True,247.30582473969804,1.814483408393106,1.909420216331711,11.0,68.86666666666666,73.08,13310.0,58.53333333333333,63.520399999999995,48.0,25.0,64.0,8877772800.0,411060000000.00006,281.62666666666667,-52.88,286.24,75,False
gpt2-xl,8,bfloat16,11,512,0.0001,0,0.0,True,495.72639213830877,3.6371456862542244,3.827447234266965,11.0,71.6842105263158,77.80263157894737,13078.0,59.43421052631579,67.4707894736842,48.0,25.0,64.0,8877772800.0,822120000000.0001,281.39473684210526,-52.723684210526315,286.11842105263156,76,False
gpt2-xl,8,bfloat16,11,512,0.0001,0,5.0,True,494.2144165923914,3.626052318175042,3.8157734426083474,11.0,70.01851851851852,79.77777777777777,13436.0,58.68518518518518,67.56555555555555,48.0,25.0,64.0,8877772800.0,822120000000.0001,281.3703703703704,-52.98148148148148,286.14814814814815,54,False
gpt2-xl,8,bfloat16,11,512,0.0001,5,0.0,True,493.8956422136506,3.6237134698205606,3.813312221794576,11.0,72.24675324675324,75.45454545454545,13516.0,58.94805194805195,66.94999999999999,48.0,25.0,64.0,8877772800.0,822120000000.0001,281.5584415584416,-52.857142857142854,286.15584415584414,77,False
gpt2-xl,8,bfloat16,11,512,0.0001,5,5.0,True,494.0217175332665,3.6246384847323276,3.8142856350342704,11.0,70.16901408450704,74.63380281690141,13384.0,59.183098591549296,68.01661971830987,48.0,25.0,64.0,8877772800.0,822120000000.0001,281.49295774647885,-52.71830985915493,286.11267605633805,71,False
gpt2-xl,8,bfloat16,11,2048,0.0001,0,0.0,True,494.06807300343905,3.624978594924252,3.814643540360512,11.0,72.61428571428571,76.52857142857142,13466.0,59.25714285714286,66.65,48.0,25.0,64.0,8877772800.0,822120000000.0001,281.74285714285713,-52.885714285714286,286.22857142857146,70,False
gpt2-xl,8,bfloat16,11,2048,0.0001,0,5.0,True,494.2912533250174,3.626616069460123,3.816366690303938,11.0,73.70422535211267,76.71830985915493,13392.0,59.46478873239437,67.02352112676057,48.0,25.0,64.0,8877772800.0,822120000000.0001,281.53521126760563,-52.95774647887324,286.2112676056338,71,False
gpt2-xl,8,bfloat16,11,2048,0.0001,5,0.0,True,495.49003664257737,3.6354115454351046,3.8256223602986075,11.0,71.40789473684211,77.71052631578948,13418.0,59.44736842105263,66.53934210526316,48.0,25.0,64.0,8877772800.0,822120000000.0001,281.5921052631579,-52.96052631578947,286.2368421052632,76,False
gpt2-xl,8,bfloat16,11,2048,0.0001,5,5.0,True,493.7090987667869,3.6223448001192513,3.8118719410044224,11.0,72.06666666666666,75.92,13402.0,59.12,66.6408,48.0,25.0,64.0,8877772800.0,822120000000.0001,281.5466666666667,-52.93333333333333,286.2266666666667,75,False
gpt2-xl,8,float16,11,512,0.0001,0,0.0,True,494.652128466642,3.6292638112093054,3.8191529663316657,11.0,69.08,79.82,13434.0,58.72,65.3342,48.0,25.0,64.0,8877772800.0,822120000000.0001,281.8,-53.0,286.18,50,False
gpt2-xl,8,float16,11,512,0.0001,0,5.0,True,494.0829380973177,3.6250876601524387,3.8147583120639257,11.0,71.17333333333333,77.24,13438.0,59.44,66.09626666666666,48.0,25.0,64.0,8877772800.0,822120000000.0001,281.7866666666667,-52.96,286.3066666666667,75,False
gpt2-xl,8,float16,11,512,0.0001,5,0.0,True,495.05632841067046,3.6322294271339812,3.8222737482436178,11.0,71.61290322580645,78.93548387096774,13400.0,58.58064516129032,65.46935483870968,48.0,25.0,64.0,8877772800.0,822120000000.0001,281.4516129032258,-53.0,286.11290322580646,62,False
gpt2-xl,8,float16,11,512,0.0001,5,5.0,True,495.275136216912,3.633834820514708,3.8239631384921844,11.0,72.56164383561644,75.8082191780822,13378.0,59.534246575342465,65.64698630136985,48.0,25.0,64.0,8877772800.0,822120000000.0001,281.56164383561645,-52.821917808219176,286.13698630136986,73,False
gpt2-xl,8,float16,11,2048,0.0001,0,0.0,True,495.2117038549971,3.633369417128552,3.8234733844221473,11.0,70.55357142857143,79.08928571428571,13406.0,59.267857142857146,66.10303571428571,48.0,25.0,64.0,8877772800.0,822120000000.0001,281.7142857142857,-52.589285714285715,286.10714285714283,56,False
gpt2-xl,8,float16,11,2048,0.0001,0,5.0,True,494.56609726649646,3.6286326000947575,3.818488729195456,11.0,69.66666666666667,76.37878787878788,13404.0,59.45454545454545,66.87636363636364,48.0,25.0,64.0,8877772800.0,822120000000.0001,281.6363636363636,-52.39393939393939,286.1969696969697,66,False
gpt2-xl,8,float16,11,2048,0.0001,5,0.0,True,494.4584069519156,3.6278424760074772,3.817657264493885,11.0,70.51428571428572,75.3,13410.0,58.94285714285714,65.55514285714285,48.0,25.0,64.0,8877772800.0,822120000000.0001,281.3857142857143,-52.6,286.0857142857143,70,False
gpt2-xl,8,float16,11,2048,0.0001,5,5.0,True,494.1092027641194,3.6252803640735403,3.8149610985766143,11.0,70.61111111111111,76.05555555555556,13412.0,59.44444444444444,66.28152777777778,48.0,25.0,64.0,8877772800.0,822120000000.0001,281.6388888888889,-52.958333333333336,286.27777777777777,72,False
gpt2-xl,16,bfloat16,11,512,0.0001,0,0.0,True,935.1968348356514,6.861541341281023,7.220548665055276,11.0,73.74,80.36,13466.0,59.4,71.38,48.0,25.0,64.0,8877772800.0,1644240000000.0002,281.5,-52.74,286.18,50,False
gpt2-xl,16,bfloat16,11,512,0.0001,0,5.0,True,932.2365729153094,6.839821892721281,7.197692818605693,11.0,77.26,76.68,13564.0,59.04,67.9474,48.0,25.0,64.0,8877772800.0,1644240000000.0002,281.42,-53.0,286.14,50,False
gpt2-xl,16,bfloat16,11,512,0.0001,5,0.0,True,934.7739223801285,6.858438431616211,7.217283405964981,11.0,74.34,81.94,13464.0,59.34,66.5624,48.0,25.0,64.0,8877772800.0,1644240000000.0002,281.64,-52.98,286.28,50,False
gpt2-xl,16,bfloat16,11,512,0.0001,5,5.0,True,933.6953067291487,6.850524626089002,7.208955536891132,11.0,76.34,80.66,13472.0,58.96,67.5258,48.0,25.0,64.0,8877772800.0,1644240000000.0002,281.6,-52.86,286.24,50,False
gpt2-xl,16,bfloat16,11,2048,0.0001,0,0.0,True,932.3425007855982,6.840599085750713,7.198510675674832,11.0,74.74,79.62,13848.0,59.42,69.6468,48.0,25.0,64.0,8877772800.0,1644240000000.0002,281.74,-52.98,286.24,50,False
gpt2-xl,16,bfloat16,11,2048,0.0001,0,5.0,True,933.2768741820795,6.8474545855228826,7.205724866665771,11.0,74.58,80.16,13722.0,59.18,67.4726,48.0,25.0,64.0,8877772800.0,1644240000000.0002,281.4,-52.94,286.1,50,False
gpt2-xl,16,bfloat16,11,2048,0.0001,5,0.0,True,934.934631460868,6.859617554513486,7.218524222545162,11.0,75.9,79.16,13658.0,59.38,66.5004,48.0,25.0,64.0,8877772800.0,1644240000000.0002,281.46,-52.8,286.1,50,False
gpt2-xl,16,bfloat16,11,2048,0.0001,5,5.0,True,933.2988081981355,6.847615515449442,7.205894216715357,11.0,75.62,81.88,13646.0,59.52,69.30019999999999,48.0,25.0,64.0,8877772800.0,1644240000000.0002,281.5,-52.92,286.1,50,False
gpt2-xl,16,float16,11,512,0.0001,0,0.0,True,948.3328779494118,6.95792052000414,7.3219705636717745,11.0,74.1,77.66,13582.0,59.58,67.1792,48.0,25.0,64.0,8877772800.0,1644240000000.0002,281.78,-53.0,286.22,50,False
gpt2-xl,16,float16,11,512,0.0001,0,5.0,True,946.0380463304157,6.94108333510521,7.30425242908679,11.0,73.84,80.46,13598.0,59.68,67.28739999999999,48.0,25.0,64.0,8877772800.0,1644240000000.0002,281.8,-52.94,286.3,50,False
gpt2-xl,16,float16,11,512,0.0001,5,0.0,True,949.0176833509665,6.962944938820019,7.327257868487009,11.0,73.12,80.64,13472.0,59.36,68.2572,48.0,25.0,64.0,8877772800.0,1644240000000.0002,281.48,-53.0,286.14,50,False
gpt2-xl,16,float16,11,512,0.0001,5,5.0,True,946.4341808890641,6.9439897752786885,7.307310939073229,11.0,75.4423076923077,81.17307692307692,13470.0,60.01923076923077,67.55115384615384,48.0,25.0,64.0,8877772800.0,1644240000000.0002,281.46153846153845,-52.78846153846154,286.2307692307692,52,False
gpt2-xl,16,float16,11,2048,0.0001,0,0.0,True,949.9537277249083,6.969812698557682,7.33448496090535,11.0,76.72,78.04,13556.0,60.22,67.23440000000001,48.0,25.0,64.0,8877772800.0,1644240000000.0002,281.74,-52.98,286.26,50,False
gpt2-xl,16,float16,11,2048,0.0001,0,5.0,True,948.7993035041538,6.961342685378614,7.325571782464641,11.0,76.4,81.14,13552.0,59.56,67.1254,48.0,25.0,64.0,8877772800.0,1644240000000.0002,281.48,-52.6,286.24,50,False
gpt2-xl,16,float16,11,2048,0.0001,5,0.0,True,949.4045969357337,6.965783724686794,7.3302451843802165,11.0,72.66,82.6,13660.0,59.08,67.2738,48.0,25.0,64.0,8877772800.0,1644240000000.0002,281.44,-52.46,286.12,50,False
gpt2-xl,16,float16,11,2048,0.0001,5,5.0,True,950.672272611926,6.975084664056481,7.34003276446015,11.0,74.44,84.34,13500.0,59.42,66.884,48.0,25.0,64.0,8877772800.0,1644240000000.0002,281.56,-52.58,286.22,50,False
gpt2-xl,32,bfloat16,11,512,0.0001,0,0.0,True,1516.866702769112,11.129254508321742,11.75258292434746,11.0,89.9,77.3,13996.0,59.84,67.359,48.0,25.0,64.0,8877772800.0,3300000000000.0,281.6,-52.84,286.1,50,False
gpt2-xl,32,bfloat16,11,512,0.0001,0,5.0,True,1513.8834163959336,11.10736612929826,11.729468618770145,11.0,80.64,86.3,14072.0,59.18,68.6082,48.0,25.0,64.0,8877772800.0,3300000000000.0,281.24,-53.0,286.04,50,False
gpt2-xl,32,bfloat16,11,512,0.0001,5,0.0,True,1516.522690474438,11.126730489319655,11.749917539832936,11.0,86.52,78.78,14066.0,59.66,69.31439999999999,48.0,25.0,64.0,8877772800.0,3300000000000.0,281.68,-52.58,286.14,50,False
gpt2-xl,32,bfloat16,11,512,0.0001,5,5.0,True,1512.3956026499118,11.096450036400823,11.717941136233822,11.0,86.04,81.9,14074.0,59.26,68.80279999999999,48.0,25.0,64.0,8877772800.0,3300000000000.0,281.56,-52.94,286.22,50,False
gpt2-xl,32,bfloat16,11,2048,0.0001,0,0.0,True,1509.9452798552365,11.078472012386122,11.698956197225488,11.0,89.38,78.5,14084.0,59.88,68.73,48.0,25.0,64.0,8877772800.0,3300000000000.0,281.74,-52.86,286.22,50,False
gpt2-xl,32,bfloat16,11,2048,0.0001,0,5.0,True,1513.069344018827,11.101393278383625,11.723161239815292,11.0,85.68,82.52,14056.0,59.34,69.12100000000001,48.0,25.0,64.0,8877772800.0,3300000000000.0,281.62,-52.84,286.2,50,False
gpt2-xl,32,bfloat16,11,2048,0.0001,5,0.0,True,1510.3885681570569,11.081724419682368,11.702390765679677,11.0,83.6,82.9,14064.0,60.18,68.5708,48.0,25.0,64.0,8877772800.0,3300000000000.0,281.56,-52.82,286.16,50,False
gpt2-xl,32,bfloat16,11,2048,0.0001,5,5.0,True,1511.7350781029058,11.091603766270953,11.712823435714663,11.0,81.7,83.12,14078.0,60.08,68.6496,48.0,25.0,64.0,8877772800.0,3300000000000.0,281.4,-52.72,286.18,50,False
gpt2-xl,32,float16,11,512,0.0001,0,0.0,True,1606.519505745507,11.787037331220583,12.44720691435052,11.0,80.76,86.16,14068.0,60.18,68.9316,48.0,25.0,64.0,8877772800.0,3300000000000.0,281.66,-52.98,286.2,50,False
gpt2-xl,32,float16,11,512,0.0001,0,5.0,True,1622.205023186929,11.902122008985364,12.568737266427654,11.0,81.98,87.16,14068.0,60.0,68.44760000000001,48.0,25.0,64.0,8877772800.0,3300000000000.0,281.78,-52.82,286.26,50,False
gpt2-xl,32,float16,11,512,0.0001,5,0.0,True,1615.8101063711472,11.855202489509816,12.519189873743393,11.0,82.26,84.16,14062.0,60.06,68.7942,48.0,25.0,64.0,8877772800.0,3300000000000.0,281.62,-53.0,286.22,50,False
gpt2-xl,32,float16,11,512,0.0001,5,5.0,True,1613.2786525518575,11.836629206979778,12.499576336920384,11.0,80.84,87.64,14058.0,60.04,68.2728,48.0,25.0,64.0,8877772800.0,3300000000000.0,281.32,-52.74,286.12,50,False
gpt2-xl,32,float16,11,2048,0.0001,0,0.0,True,1622.2088307710947,11.902149945239195,12.568766767338026,11.0,79.58,86.86,14062.0,60.16,69.0496,48.0,25.0,64.0,8877772800.0,3300000000000.0,281.78,-53.0,286.28,50,False
gpt2-xl,32,float16,11,2048,0.0001,0,5.0,True,1613.884338794352,11.84107312834255,12.504269153881863,11.0,84.2,82.88,14066.0,59.76,68.8262,48.0,25.0,64.0,8877772800.0,3300000000000.0,281.5,-52.3,286.16,50,False
gpt2-xl,32,float16,11,2048,0.0001,5,0.0,True,1611.9696785159335,11.827025261449172,12.489434492633782,11.0,86.2,79.96,14056.0,60.08,68.3396,48.0,25.0,64.0,8877772800.0,3300000000000.0,281.48,-52.86,286.06,50,False
gpt2-xl,32,float16,11,2048,0.0001,5,5.0,True,1615.316906509479,11.851583880983467,12.51536859382344,11.0,86.52,81.58,14054.0,59.96,68.5814,48.0,25.0,64.0,8877772800.0,3300000000000.0,281.58,-52.64,286.1,50,False
gpt2-xl,64,bfloat16,11,512,0.0001,0,0.0,True,1930.023261258202,14.160585134020957,14.885721293278534,11.0,100.0,80.78,15682.0,60.58,68.9408,48.0,25.0,64.0,8877772800.0,6570000000000.0,281.44,-52.46,286.22,50,False
gpt2-xl,64,bfloat16,11,512,0.0001,0,5.0,True,1925.8581161340908,14.130025454607003,14.853596711824965,11.0,100.0,77.32,15806.0,59.76,70.9526,48.0,25.0,64.0,8877772800.0,6570000000000.0,281.36,-52.86,286.1,50,False
gpt2-xl,64,bfloat16,11,512,0.0001,5,0.0,True,1921.8441164126987,14.100574729362554,14.822637871937724,11.0,99.92,91.16,15846.0,59.94,68.055,48.0,25.0,64.0,8877772800.0,6570000000000.0,281.7,-52.62,286.24,50,False
gpt2-xl,64,bfloat16,11,512,0.0001,5,5.0,True,1922.4746450964637,14.105200919774411,14.82750096060735,11.0,100.0,82.02,15826.0,60.3,68.7058,48.0,25.0,64.0,8877772800.0,6570000000000.0,281.52,-52.7,286.12,50,False
gpt2-xl,64,bfloat16,11,2048,0.0001,0,0.0,True,1924.4441217287524,14.119650974382983,14.842690974546752,11.0,100.0,86.44,15808.0,59.8,69.7492,48.0,25.0,64.0,8877772800.0,6570000000000.0,281.86,-52.9,286.2,50,False
gpt2-xl,64,bfloat16,11,2048,0.0001,0,5.0,True,1931.0553295488353,14.16815742145759,14.893681342899898,11.0,99.54,81.34,15798.0,59.54,69.7706,48.0,25.0,64.0,8877772800.0,6570000000000.0,281.48,-52.8,286.2,50,False
gpt2-xl,64,bfloat16,11,2048,0.0001,5,0.0,True,1922.952534689311,14.108707196822992,14.831186787317774,11.0,99.48,71.02,15826.0,59.64,70.508,48.0,25.0,64.0,8877772800.0,6570000000000.0,281.52,-52.94,286.08,50,False
gpt2-xl,64,bfloat16,11,2048,0.0001,5,5.0,True,1920.9451184852323,14.093978779488406,14.815704156235887,11.0,98.7,71.92,15832.0,60.28,66.92,48.0,25.0,64.0,8877772800.0,6570000000000.0,281.52,-52.82,286.16,50,False
gpt2-xl,64,float16,11,512,0.0001,0,0.0,True,2161.9933304713645,15.862550068628174,16.67484055831713,11.0,99.86,84.7,15808.0,61.08,69.9598,48.0,25.0,64.0,8877772800.0,6570000000000.0,281.76,-53.0,286.2,50,False
gpt2-xl,64,float16,11,512,0.0001,0,5.0,True,2160.0810678279777,15.848519793188576,16.660091819625535,11.0,98.16,82.12,15830.0,60.72,70.02,48.0,25.0,64.0,8877772800.0,6570000000000.0,281.68,-53.0,286.16,50,False
gpt2-xl,64,float16,11,512,0.0001,5,0.0,True,2162.8390625442526,15.86875520680402,16.681363449609947,11.0,99.38,85.54,15848.0,61.08,69.9248,48.0,25.0,64.0,8877772800.0,6570000000000.0,281.68,-53.0,286.26,50,False
gpt2-xl,64,float16,11,512,0.0001,5,5.0,True,2164.6075195909316,15.881730380247802,16.6950030565745,11.0,98.5,83.52,15846.0,60.42,70.1504,48.0,25.0,64.0,8877772800.0,6570000000000.0,281.44,-52.92,286.12,50,False
gpt2-xl,64,float16,11,2048,0.0001,0,0.0,True,2159.0021805089864,15.840603994432536,16.65177066813491,11.0,99.72,81.88,15818.0,60.76,70.204,48.0,25.0,64.0,8877772800.0,6570000000000.0,281.84,-52.98,286.24,50,False
gpt2-xl,64,float16,11,2048,0.0001,0,5.0,True,2159.8443196337407,15.846782771139612,16.65826584803916,11.0,98.66,86.34,15780.0,60.58,69.5578,48.0,25.0,64.0,8877772800.0,6570000000000.0,281.4,-52.5,286.08,50,False
gpt2-xl,64,float16,11,2048,0.0001,5,0.0,True,2164.6080517959663,15.881734285037371,16.695007161320788,11.0,97.7,86.92,15836.0,60.84,69.9348,48.0,25.0,64.0,8877772800.0,6570000000000.0,281.6,-52.84,286.1,50,False
gpt2-xl,64,float16,11,2048,0.0001,5,5.0,True,2165.126732124177,15.885539843805708,16.699007595388622,11.0,97.34,87.0,15834.0,60.5,70.0536,48.0,25.0,64.0,8877772800.0,6570000000000.0,281.58,-52.84,286.06,50,False
gpt2-xl,128,bfloat16,11,512,0.0001,0,0.0,True,2028.2230943830298,14.881077536897102,15.643108717712842,11.0,99.9,78.72,20042.0,60.96,69.7934,48.0,25.0,64.0,8877772800.0,13140000000000.0,281.64,-52.42,286.18,50,False
gpt2-xl,128,bfloat16,11,512,0.0001,0,5.0,True,2027.6302157302534,14.876727584849734,15.638536013039733,11.0,100.0,83.74,20144.0,60.16,70.2754,48.0,25.0,64.0,8877772800.0,13140000000000.0,281.44,-53.0,286.14,50,False
gpt2-xl,128,bfloat16,11,512,0.0001,5,0.0,True,2029.2812429637045,14.888841175482122,15.65126991720457,11.0,100.0,82.04,20320.0,60.84,69.7878,48.0,25.0,64.0,8877772800.0,13140000000000.0,281.68,-52.86,286.26,50,False
gpt2-xl,128,bfloat16,11,512,0.0001,5,5.0,True,2028.643745485192,14.884163855007076,15.64635308020017,11.0,99.96,81.44,20340.0,60.66,69.8364,48.0,25.0,64.0,8877772800.0,13140000000000.0,281.4,-52.94,286.06,50,False
gpt2-xl,128,bfloat16,11,2048,0.0001,0,0.0,True,2027.2565691275136,14.873986138860793,15.63565418290731,11.0,100.0,80.98,20124.0,60.72,69.8426,48.0,25.0,64.0,8877772800.0,13140000000000.0,281.82,-52.88,286.28,50,False
gpt2-xl,128,bfloat16,11,2048,0.0001,0,5.0,True,2025.991911319484,14.8647073415968,15.625900236392997,11.0,100.0,82.66,20148.0,60.6,69.9344,48.0,25.0,64.0,8877772800.0,13140000000000.0,281.52,-52.86,286.12,50,False
gpt2-xl,128,bfloat16,11,2048,0.0001,5,0.0,True,2029.8326845723443,14.892887103840776,15.655523029724247,11.0,99.86,85.18,20320.0,60.68,69.7342,48.0,25.0,64.0,8877772800.0,13140000000000.0,281.52,-52.82,286.12,50,False
gpt2-xl,128,bfloat16,11,2048,0.0001,5,5.0,True,2025.982750965018,14.864640132054888,15.625829585180515,11.0,99.98,83.76,20330.0,60.56,70.0944,48.0,25.0,64.0,8877772800.0,13140000000000.0,281.52,-52.9,286.14,50,False
gpt2-xl,128,float16,11,512,0.0001,0,0.0,True,2229.704730831969,16.359348769761468,17.19707935946426,11.0,99.6,85.84,20146.0,61.38,70.4084,48.0,25.0,64.0,8877772800.0,13140000000000.0,281.72,-53.0,286.22,50,False
gpt2-xl,128,float16,11,512,0.0001,0,5.0,True,2235.731918521546,16.403570259787102,17.24356534641078,11.0,100.0,88.12,20142.0,60.9,70.4614,48.0,25.0,64.0,8877772800.0,13140000000000.0,281.78,-52.7,286.26,50,False
gpt2-xl,128,float16,11,512,0.0001,5,0.0,True,2237.648340502646,16.417631052297132,17.25834616489292,11.0,99.82,82.7,20320.0,61.3,70.6506,48.0,25.0,64.0,8877772800.0,13140000000000.0,281.66,-53.0,286.22,50,False
gpt2-xl,128,float16,11,512,0.0001,5,5.0,True,2236.193936091701,16.406960083768464,17.247128756717782,11.0,99.62,90.24,20326.0,60.82,70.1998,48.0,25.0,64.0,8877772800.0,13140000000000.0,281.6,-52.76,286.18,50,False
gpt2-xl,128,float16,11,2048,0.0001,0,0.0,True,2231.085206523495,16.369477323104682,17.207726576422054,11.0,99.8,86.04,20144.0,61.02,70.624,48.0,25.0,64.0,8877772800.0,13140000000000.0,281.92,-52.96,286.34,50,False
gpt2-xl,128,float16,11,2048,0.0001,0,5.0,True,2234.160069288336,16.392037598325707,17.23144211967549,11.0,99.76,83.78,20148.0,60.52,70.3022,48.0,25.0,64.0,8877772800.0,13140000000000.0,281.54,-52.36,286.1,50,False
gpt2-xl,128,float16,11,2048,0.0001,5,0.0,True,2238.447623496399,16.423495393471878,17.26451080762977,11.0,99.9,83.96,20334.0,61.24,70.1508,48.0,25.0,64.0,8877772800.0,13140000000000.0,281.52,-52.64,286.1,50,False
gpt2-xl,128,float16,11,2048,0.0001,5,5.0,True,2239.2501044022165,16.429383197734843,17.270700114954174,11.0,99.8,81.68,20322.0,60.84,70.1806,48.0,25.0,64.0,8877772800.0,13140000000000.0,281.54,-52.7,286.04,50,False
microsoft/DialoGPT-large,1,bfloat16,11,512,0.0001,0,0.0,True,90.69701599300151,0.31968677917718946,0.3477286796486001,11.0,46.44,56.5,7078.0,52.84,58.9036,36.0,20.0,64.0,4264980480.0,51030000000.00001,281.6,-52.76,286.24,50,False
microsoft/DialoGPT-large,1,bfloat16,11,512,0.0001,0,5.0,True,90.19333985689214,0.3179114329881413,0.345797605777401,11.0,45.58,54.84,22544.0,57.62,58.9802,36.0,20.0,64.0,4264980480.0,51030000000.00001,281.68,-52.78,286.2,50,False
microsoft/DialoGPT-large,1,bfloat16,11,512,0.0001,5,0.0,True,89.9122407768617,0.31692062134411164,0.3447198833090348,11.0,47.74,54.14,22522.0,57.24,58.6204,36.0,20.0,64.0,4264980480.0,51030000000.00001,281.78,-52.7,286.22,50,False
microsoft/DialoGPT-large,1,bfloat16,11,512,0.0001,5,5.0,True,89.82674867725207,0.316619280735823,0.3443921100676314,11.0,45.68,55.34,22552.0,56.9,58.8126,36.0,20.0,64.0,4264980480.0,51030000000.00001,281.6,-52.62,286.18,50,False
microsoft/DialoGPT-large,1,bfloat16,11,2048,0.0001,0,0.0,True,90.48278911835439,0.31893167716176685,0.34690734250260147,11.0,46.68,56.08,22526.0,56.46,59.3102,36.0,20.0,64.0,4264980480.0,51030000000.00001,281.64,-52.9,286.16,50,False
microsoft/DialoGPT-large,1,bfloat16,11,2048,0.0001,0,5.0,True,90.10215520407202,0.3175900273977666,0.3454480075179411,11.0,45.2,52.9,22536.0,56.8,59.53060000000001,36.0,20.0,64.0,4264980480.0,51030000000.00001,281.6,-52.9,286.28,50,False
microsoft/DialoGPT-large,1,bfloat16,11,2048,0.0001,5,0.0,True,89.4709966418138,0.315365334052464,0.34302817119697665,11.0,47.32,52.5,22546.0,57.6,58.1978,36.0,20.0,64.0,4264980480.0,51030000000.00001,281.62,-52.86,286.2,50,False
microsoft/DialoGPT-large,1,bfloat16,11,2048,0.0001,5,5.0,True,89.5133534744702,0.31551463245285577,0.34319056557492217,11.0,47.46,50.08,22544.0,56.8,58.336999999999996,36.0,20.0,64.0,4264980480.0,51030000000.00001,281.52,-52.68,286.18,50,False
microsoft/DialoGPT-large,1,float16,11,512,0.0001,0,0.0,True,90.46063060231887,0.3188535733284137,0.34682238765111434,11.0,44.12,56.92,22558.0,56.28,56.3888,36.0,20.0,64.0,4264980480.0,51030000000.00001,281.7,-52.6,286.18,50,False
microsoft/DialoGPT-large,1,float16,11,512,0.0001,0,5.0,True,90.50259943381043,0.3190015041111244,0.3469832944483356,11.0,47.24,53.68,22556.0,56.58,55.7262,36.0,20.0,64.0,4264980480.0,51030000000.00001,281.56,-52.7,286.2,50,False
microsoft/DialoGPT-large,1,float16,11,512,0.0001,5,0.0,True,90.22389290732211,0.3180191256854043,0.34591474493318164,11.0,44.02,54.68,22544.0,56.42,56.213,36.0,20.0,64.0,4264980480.0,51030000000.00001,281.5,-52.9,286.18,50,False
microsoft/DialoGPT-large,1,float16,11,512,0.0001,5,5.0,True,89.99063506384162,0.3171969437438744,0.34502044382478125,11.0,47.26,53.1,22544.0,56.28,55.2884,36.0,20.0,64.0,4264980480.0,51030000000.00001,281.6,-52.62,286.24,50,False
microsoft/DialoGPT-large,1,float16,11,2048,0.0001,0,0.0,True,90.65595696146391,0.3195420552366642,0.3475712609874909,11.0,44.02,55.66,22544.0,56.62,56.416599999999995,36.0,20.0,64.0,4264980480.0,51030000000.00001,281.7,-53.0,286.12,50,False
microsoft/DialoGPT-large,1,float16,11,2048,0.0001,0,5.0,True,90.31985815963253,0.3183573818241334,0.3462826718171336,11.0,44.06,56.68,22544.0,56.18,55.87,36.0,20.0,64.0,4264980480.0,51030000000.00001,281.7,-52.84,286.26,50,False
microsoft/DialoGPT-large,1,float16,11,2048,0.0001,5,0.0,True,89.940115007573,0.3170188717985569,0.34482675197869656,11.0,44.88,55.96,22548.0,56.56,56.297799999999995,36.0,20.0,64.0,4264980480.0,51030000000.00001,281.54,-53.0,286.14,50,False
microsoft/DialoGPT-large,1,float16,11,2048,0.0001,5,5.0,True,90.10423754528865,0.31759736718672665,0.34545599112968295,11.0,44.46,56.62,22542.0,56.04,55.8592,36.0,20.0,64.0,4264980480.0,51030000000.00001,281.6,-52.58,286.2,50,False
microsoft/DialoGPT-large,1,float32,11,512,0.0001,0,0.0,True,69.5877966879746,0.9795069126086479,1.0654261221084143,11.0,75.3,80.92,22550.0,58.24,67.5614,36.0,20.0,64.0,4264980480.0,51030000000.00001,281.68,-52.7,286.16,50,False
microsoft/DialoGPT-large,1,float32,11,512,0.0001,0,5.0,True,69.6074263244682,0.9797832162933827,1.0657266622675103,11.0,73.82,80.66,21818.0,58.24,67.583,36.0,20.0,64.0,4264980480.0,51030000000.00001,281.58,-52.96,286.16,50,False
microsoft/DialoGPT-large,1,float32,11,512,0.0001,5,0.0,True,69.8823283386178,0.983652693931207,1.0699355580917091,11.0,71.0,86.04,22370.0,58.16,67.7316,36.0,20.0,64.0,4264980480.0,51030000000.00001,281.56,-52.84,286.1,50,False
microsoft/DialoGPT-large,1,float32,11,512,0.0001,5,5.0,True,69.85347851770723,0.983246608376636,1.0694938520127817,11.0,72.58,82.24,22370.0,57.54,67.664,36.0,20.0,64.0,4264980480.0,51030000000.00001,281.64,-53.0,286.12,50,False
microsoft/DialoGPT-large,1,float32,11,2048,0.0001,0,0.0,True,69.30304966573085,0.9754988581808999,1.0610664939820722,11.0,72.04,81.94,22366.0,58.34,67.8558,36.0,20.0,64.0,4264980480.0,51030000000.00001,281.68,-52.66,286.2,50,False
microsoft/DialoGPT-large,1,float32,11,2048,0.0001,0,5.0,True,69.17306242127094,0.9736691781140004,1.059076320239261,11.0,68.28,86.8,22366.0,57.6,67.6804,36.0,20.0,64.0,4264980480.0,51030000000.00001,281.52,-53.0,286.2,50,False
microsoft/DialoGPT-large,1,float32,11,2048,0.0001,5,0.0,True,69.69718081165445,0.9810465863786694,1.0671008511307312,11.0,70.32,81.78,21820.0,58.58,67.5432,36.0,20.0,64.0,4264980480.0,51030000000.00001,281.46,-52.42,286.06,50,False
microsoft/DialoGPT-large,1,float32,11,2048,0.0001,5,5.0,True,69.61737823683643,0.979923297851103,1.0658790313308624,11.0,73.78,81.14,21576.0,57.8,67.22399999999999,36.0,20.0,64.0,4264980480.0,51030000000.00001,281.58,-52.98,286.16,50,False
microsoft/DialoGPT-large,4,bfloat16,11,512,0.0001,0,0.0,True,362.1628515811562,1.276543382293197,1.3889258271194678,11.0,47.36,53.96,6994.0,58.22,59.1654,36.0,20.0,64.0,4264980480.0,204180000000.0,281.58,-52.76,286.26,50,False
microsoft/DialoGPT-large,4,bfloat16,11,512,0.0001,0,5.0,True,357.99370508311904,1.2618480695391565,1.3729367900802263,11.0,46.92,56.8,7248.0,57.6,59.618199999999995,36.0,20.0,64.0,4264980480.0,204180000000.0,281.58,-52.88,286.22,50,False
microsoft/DialoGPT-large,4,bfloat16,11,512,0.0001,5,0.0,True,354.9247076243697,1.2510305370972263,1.361166919660853,11.0,45.14,57.58,6896.0,56.58,59.5114,36.0,20.0,64.0,4264980480.0,204180000000.0,281.52,-52.88,286.1,50,False
microsoft/DialoGPT-large,4,bfloat16,11,512,0.0001,5,5.0,True,360.2417795792907,1.2697720313935021,1.3815583500093833,11.0,47.24,53.78,7020.0,58.26,59.74,36.0,20.0,64.0,4264980480.0,204180000000.0,281.66,-52.8,286.26,50,False
microsoft/DialoGPT-large,4,bfloat16,11,2048,0.0001,0,0.0,True,356.641413378712,1.2570815424957171,1.3677506345541965,11.0,47.44,55.04,6952.0,58.46,58.872600000000006,36.0,20.0,64.0,4264980480.0,204180000000.0,281.58,-52.98,286.14,50,False
microsoft/DialoGPT-large,4,bfloat16,11,2048,0.0001,0,5.0,True,356.61384792332194,1.2569843804055012,1.3676449186510868,11.0,47.4,52.18,6904.0,58.14,58.7116,36.0,20.0,64.0,4264980480.0,204180000000.0,281.64,-52.9,286.2,50,False
microsoft/DialoGPT-large,4,bfloat16,11,2048,0.0001,5,0.0,True,358.1993666091234,1.2625729806084918,1.3737255198018559,11.0,45.2,59.48,7138.0,57.82,59.848800000000004,36.0,20.0,64.0,4264980480.0,204180000000.0,281.62,-52.98,286.2,50,False
microsoft/DialoGPT-large,4,bfloat16,11,2048,0.0001,5,5.0,True,356.57293091708544,1.2568401570725272,1.3674879983968913,11.0,45.14,57.78,7124.0,57.96,59.7668,36.0,20.0,64.0,4264980480.0,204180000000.0,281.52,-52.7,286.18,50,False
microsoft/DialoGPT-large,4,float16,11,512,0.0001,0,0.0,True,359.35027321457267,1.266629670035388,1.3781393460734683,11.0,48.24,53.24,7140.0,58.2,56.001400000000004,36.0,20.0,64.0,4264980480.0,204180000000.0,281.74,-52.82,286.28,50,False
microsoft/DialoGPT-large,4,float16,11,512,0.0001,0,5.0,True,358.0727524405867,1.2621266938669211,1.3732399435259013,11.0,44.76,54.98,7130.0,56.14,56.0358,36.0,20.0,64.0,4264980480.0,204180000000.0,281.56,-52.58,286.18,50,False
microsoft/DialoGPT-large,4,float16,11,512,0.0001,5,0.0,True,356.3948842872644,1.2562125823611914,1.3668051741880851,11.0,48.56,54.76,7030.0,56.32,55.5744,36.0,20.0,64.0,4264980480.0,204180000000.0,281.48,-52.72,286.14,50,False
microsoft/DialoGPT-large,4,float16,11,512,0.0001,5,5.0,True,358.58650055098076,1.263937541521853,1.375210211917717,11.0,45.3,58.46,7030.0,57.42,56.5206,36.0,20.0,64.0,4264980480.0,204180000000.0,281.6,-52.86,286.26,50,False
microsoft/DialoGPT-large,4,float16,11,2048,0.0001,0,0.0,True,356.0980384505654,1.2551662669073975,1.3656667447565072,11.0,47.6,51.96,6912.0,56.42,55.1162,36.0,20.0,64.0,4264980480.0,204180000000.0,281.6,-52.96,286.14,50,False
microsoft/DialoGPT-large,4,float16,11,2048,0.0001,0,5.0,True,355.393400493797,1.2526825750635262,1.3629643973107337,11.0,46.78,53.9,6912.0,57.12,55.581,36.0,20.0,64.0,4264980480.0,204180000000.0,281.8,-52.6,286.22,50,False
microsoft/DialoGPT-large,4,float16,11,2048,0.0001,5,0.0,True,356.5472802470897,1.25674974417432,1.3673896258612088,11.0,47.2,54.08,7132.0,56.34,55.2252,36.0,20.0,64.0,4264980480.0,204180000000.0,281.62,-53.0,286.22,50,False
microsoft/DialoGPT-large,4,float16,11,2048,0.0001,5,5.0,True,358.6213030531394,1.2640602125899207,1.3753436825204732,11.0,48.56,54.62,7160.0,57.44,55.6474,36.0,20.0,64.0,4264980480.0,204180000000.0,281.66,-52.34,286.22,50,False
microsoft/DialoGPT-large,4,float32,11,512,0.0001,0,0.0,True,275.58906976833003,3.8791485249613387,4.220655285425864,11.0,71.34,82.7,13126.0,59.62,67.58539999999999,36.0,20.0,64.0,4264980480.0,204180000000.0,281.84,-52.82,286.34,50,False
microsoft/DialoGPT-large,4,float32,11,512,0.0001,0,5.0,True,275.1005381079516,3.8722720299270947,4.213173407656882,11.0,70.64,81.66,13444.0,59.24,67.54899999999999,36.0,20.0,64.0,4264980480.0,204180000000.0,281.5,-52.96,286.1,50,False
microsoft/DialoGPT-large,4,float32,11,512,0.0001,5,0.0,True,276.63845722611524,3.893919538239922,4.236726687400855,11.0,76.2,79.68,13774.0,59.74,66.91199999999999,36.0,20.0,64.0,4264980480.0,204180000000.0,281.72,-53.0,286.18,50,False
microsoft/DialoGPT-large,4,float32,11,512,0.0001,5,5.0,True,275.7546866331096,3.8814797219760044,4.223191712927416,11.0,71.88,81.02,13774.0,59.58,66.9092,36.0,20.0,64.0,4264980480.0,204180000000.0,281.66,-53.0,286.12,50,False
microsoft/DialoGPT-large,4,float32,11,2048,0.0001,0,0.0,True,275.1882339381907,3.8735064226800557,4.214516472059689,11.0,74.28,80.88,13758.0,59.82,67.373,36.0,20.0,64.0,4264980480.0,204180000000.0,281.62,-52.6,286.16,50,False
microsoft/DialoGPT-large,4,float32,11,2048,0.0001,0,5.0,True,275.2103078538014,3.873817131654303,4.214854534772664,11.0,74.30645161290323,83.66129032258064,13758.0,59.225806451612904,67.09129032258065,36.0,20.0,64.0,4264980480.0,204180000000.0,281.53225806451616,-53.0,286.16129032258067,62,False
microsoft/DialoGPT-large,4,float32,11,2048,0.0001,5,0.0,True,275.1056685582695,3.872344245341152,4.213251980665126,11.0,72.49090909090908,83.0909090909091,13444.0,59.6,67.65563636363636,36.0,20.0,64.0,4264980480.0,204180000000.0,281.56363636363636,-52.92727272727273,286.1636363636364,55,False
microsoft/DialoGPT-large,4,float32,11,2048,0.0001,5,5.0,True,275.3411737815521,3.875659179929398,4.216858750578855,11.0,71.32,86.62,13654.0,59.5,67.7148,36.0,20.0,64.0,4264980480.0,204180000000.0,281.58,-53.0,286.18,50,False
microsoft/DialoGPT-large,8,bfloat16,11,512,0.0001,0,0.0,True,712.9348789807566,2.512936646581892,2.7339659948742714,11.0,47.88,58.24,7116.0,59.22,62.846599999999995,36.0,20.0,64.0,4264980480.0,408330000000.00006,281.74,-52.94,286.2,50,False
microsoft/DialoGPT-large,8,bfloat16,11,512,0.0001,0,5.0,True,708.7433472324738,2.498162430806911,2.717892289401165,11.0,47.78,58.68,7384.0,58.32,62.0254,36.0,20.0,64.0,4264980480.0,408330000000.00006,281.66,-52.6,286.16,50,False
microsoft/DialoGPT-large,8,bfloat16,11,512,0.0001,5,0.0,True,712.362281854447,2.5109183692541115,2.731770196747055,11.0,50.2,53.74,7192.0,57.6,62.1454,36.0,20.0,64.0,4264980480.0,408330000000.00006,281.74,-52.82,286.16,50,False
microsoft/DialoGPT-large,8,bfloat16,11,512,0.0001,5,5.0,True,710.5152465991393,2.5044079813948064,2.7246871773462304,11.0,48.36,59.1,7248.0,58.94,62.288999999999994,36.0,20.0,64.0,4264980480.0,408330000000.00006,281.66,-52.84,286.2,50,False
microsoft/DialoGPT-large,8,bfloat16,11,2048,0.0001,0,0.0,True,710.7250908883559,2.5051476357727798,2.725491889204004,11.0,48.38,56.52,7130.0,59.4,62.846199999999996,36.0,20.0,64.0,4264980480.0,408330000000.00006,281.7,-52.72,286.24,50,False
microsoft/DialoGPT-large,8,bfloat16,11,2048,0.0001,0,5.0,True,707.978989667106,2.4954682406449002,2.7149611274489995,11.0,47.48,58.0,7092.0,59.02,62.4246,36.0,20.0,64.0,4264980480.0,408330000000.00006,281.72,-52.76,286.28,50,False
microsoft/DialoGPT-large,8,bfloat16,11,2048,0.0001,5,0.0,True,710.8091287792274,2.5054438506191827,2.72581415809938,11.0,51.44,54.1,7324.0,59.18,61.055,36.0,20.0,64.0,4264980480.0,408330000000.00006,281.48,-52.88,286.12,50,False
microsoft/DialoGPT-large,8,bfloat16,11,2048,0.0001,5,5.0,True,710.5546947308678,2.5045470272723223,2.724838453225538,11.0,50.72,54.52,7330.0,58.8,61.5882,36.0,20.0,64.0,4264980480.0,408330000000.00006,281.5,-52.86,286.22,50,False
microsoft/DialoGPT-large,8,float16,11,512,0.0001,0,0.0,True,714.3706775303032,2.5179975166538164,2.7394720018402405,11.0,46.56,58.7,7266.0,58.36,58.468599999999995,36.0,20.0,64.0,4264980480.0,408330000000.00006,281.72,-52.74,286.3,50,False
microsoft/DialoGPT-large,8,float16,11,512,0.0001,0,5.0,True,712.643259401613,2.5119087525218644,2.732847690753763,11.0,50.2,54.06,7292.0,57.58,57.8762,36.0,20.0,64.0,4264980480.0,408330000000.00006,281.46,-52.8,286.22,50,False
microsoft/DialoGPT-large,8,float16,11,512,0.0001,5,0.0,True,715.7209343329346,2.5227568711217585,2.744649972916672,11.0,47.88,56.86,7188.0,56.96,57.4076,36.0,20.0,64.0,4264980480.0,408330000000.00006,281.56,-52.62,286.1,50,False
microsoft/DialoGPT-large,8,float16,11,512,0.0001,5,5.0,True,715.4892037816941,2.52194007254518,2.743761331519339,11.0,50.44,54.74,7188.0,58.16,57.711999999999996,36.0,20.0,64.0,4264980480.0,408330000000.00006,281.6,-52.84,286.22,50,False
microsoft/DialoGPT-large,8,float16,11,2048,0.0001,0,0.0,True,709.9039768671593,2.5022533917461205,2.7223430773306454,11.0,46.04,61.56,7098.0,57.06,58.196999999999996,36.0,20.0,64.0,4264980480.0,408330000000.00006,281.6,-52.88,286.22,50,False
microsoft/DialoGPT-large,8,float16,11,2048,0.0001,0,5.0,True,709.4814809173862,2.5007641876315243,2.7207228878944054,11.0,47.12,59.84,7100.0,57.86,58.2562,36.0,20.0,64.0,4264980480.0,408330000000.00006,281.7,-52.7,286.22,50,False
microsoft/DialoGPT-large,8,float16,11,2048,0.0001,5,0.0,True,714.4231864545051,2.5181825989155904,2.7396733633073636,11.0,47.24,58.86,7316.0,57.08,58.041199999999996,36.0,20.0,64.0,4264980480.0,408330000000.00006,281.4,-53.0,286.16,50,False
microsoft/DialoGPT-large,8,float16,11,2048,0.0001,5,5.0,True,713.7125030417066,2.5156775981858006,2.7369480312454924,11.0,47.22,59.78,7334.0,57.76,58.3034,36.0,20.0,64.0,4264980480.0,408330000000.00006,281.52,-52.46,286.18,50,False
microsoft/DialoGPT-large,8,float32,11,512,0.0001,0,0.0,True,554.3687006224714,7.803206887385492,8.489550387232738,11.0,75.71153846153847,80.5576923076923,13094.0,60.40384615384615,68.35096153846153,36.0,20.0,64.0,4264980480.0,408330000000.00006,281.8076923076923,-52.88461538461539,286.3076923076923,52,False
microsoft/DialoGPT-large,8,float32,11,512,0.0001,0,5.0,True,554.1503886382866,7.800133962134343,8.486207177942978,11.0,76.96,82.92,13388.0,59.18,68.28359999999999,36.0,20.0,64.0,4264980480.0,408330000000.00006,281.46,-52.94,286.06,50,False
microsoft/DialoGPT-large,8,float32,11,512,0.0001,5,0.0,True,552.49085180344,7.776774581914998,8.460793186202322,11.0,74.94,84.36,13928.0,59.74,68.7496,36.0,20.0,64.0,4264980480.0,408330000000.00006,281.52,-52.88,286.24,50,False
microsoft/DialoGPT-large,8,float32,11,512,0.0001,5,5.0,True,553.0566419578882,7.78473855539519,8.469457643664288,11.0,74.72,88.52,13928.0,59.6,68.40140000000001,36.0,20.0,64.0,4264980480.0,408330000000.00006,281.5,-53.0,286.08,50,False
microsoft/DialoGPT-large,8,float32,11,2048,0.0001,0,0.0,True,552.4180772664122,7.775750218945148,8.459678723754655,11.0,73.6,84.14,13676.0,60.12,68.8694,36.0,20.0,64.0,4264980480.0,408330000000.00006,281.82,-52.48,286.42,50,False
microsoft/DialoGPT-large,8,float32,11,2048,0.0001,0,5.0,True,553.2878363206389,7.787992810986667,8.472998132493494,11.0,76.24,80.64,13702.0,59.62,68.2346,36.0,20.0,64.0,4264980480.0,408330000000.00006,281.54,-52.88,286.16,50,False
microsoft/DialoGPT-large,8,float32,11,2048,0.0001,5,0.0,True,553.3947683720759,7.78949796977236,8.47463567991936,11.0,76.84,85.84,13592.0,59.78,68.5286,36.0,20.0,64.0,4264980480.0,408330000000.00006,281.52,-52.84,286.14,50,False
microsoft/DialoGPT-large,8,float32,11,2048,0.0001,5,5.0,True,554.0812076543396,7.799160181454075,8.485147746830801,11.0,77.68,83.44,13566.0,59.18,68.41460000000001,36.0,20.0,64.0,4264980480.0,408330000000.00006,281.54,-53.0,286.02,50,False
microsoft/DialoGPT-large,16,bfloat16,11,512,0.0001,0,0.0,True,1411.965466505255,4.976863762875213,5.414810653832536,11.0,54.66,60.66,7122.0,60.12,65.0454,36.0,20.0,64.0,4264980480.0,816690000000.0001,281.64,-52.84,286.26,50,False
microsoft/DialoGPT-large,16,bfloat16,11,512,0.0001,0,5.0,True,1413.7269506730195,4.983072602206902,5.421565849667302,11.0,54.04,63.6,7222.0,59.3,66.5496,36.0,20.0,64.0,4264980480.0,816690000000.0001,281.52,-53.0,286.16,50,False
microsoft/DialoGPT-large,16,bfloat16,11,512,0.0001,5,0.0,True,1431.6686724492986,5.046313175060969,5.490371375387951,11.0,53.48,62.98,7196.0,59.0,65.6558,36.0,20.0,64.0,4264980480.0,816690000000.0001,281.68,-52.62,286.16,50,False
microsoft/DialoGPT-large,16,bfloat16,11,512,0.0001,5,5.0,True,1419.6037549922112,5.003787028410317,5.4441030741199725,11.0,53.7,61.1,7202.0,59.74,65.7256,36.0,20.0,64.0,4264980480.0,816690000000.0001,281.54,-52.92,286.18,50,False
microsoft/DialoGPT-large,16,bfloat16,11,2048,0.0001,0,0.0,True,1422.2705851614373,5.013187010736949,5.454330222555853,11.0,54.66,62.54,7316.0,60.32,66.016,36.0,20.0,64.0,4264980480.0,816690000000.0001,281.76,-52.48,286.26,50,False
microsoft/DialoGPT-large,16,bfloat16,11,2048,0.0001,0,5.0,True,1420.4400310146418,5.006734715114085,5.447310147113768,11.0,55.44,63.42,7186.0,59.64,65.054,36.0,20.0,64.0,4264980480.0,816690000000.0001,281.54,-52.9,286.08,50,False
microsoft/DialoGPT-large,16,bfloat16,11,2048,0.0001,5,0.0,True,1409.2338749542146,4.967235511102881,5.404335149024971,11.0,51.96,64.5,7276.0,59.6,67.0522,36.0,20.0,64.0,4264980480.0,816690000000.0001,281.5,-53.0,286.14,50,False
microsoft/DialoGPT-large,16,bfloat16,11,2048,0.0001,5,5.0,True,1421.8916507534266,5.011851351354002,5.4528770297418125,11.0,52.58,63.08,7316.0,59.52,65.62180000000001,36.0,20.0,64.0,4264980480.0,816690000000.0001,281.6,-52.72,286.18,50,False
microsoft/DialoGPT-large,16,float16,11,512,0.0001,0,0.0,True,1411.7702318150762,4.976175604079649,5.414061939430197,11.0,55.16,61.06,7400.0,59.46,61.705600000000004,36.0,20.0,64.0,4264980480.0,816690000000.0001,281.64,-52.82,286.18,50,False
microsoft/DialoGPT-large,16,float16,11,512,0.0001,0,5.0,True,1411.3436321260376,4.974671935198224,5.412425952859756,11.0,51.86,62.1,7268.0,59.02,61.799800000000005,36.0,20.0,64.0,4264980480.0,816690000000.0001,281.54,-52.46,286.2,50,False
microsoft/DialoGPT-large,16,float16,11,512,0.0001,5,0.0,True,1424.9620118050398,5.022673690157044,5.464651697131189,11.0,55.66,60.52,7230.0,58.86,62.118599999999994,36.0,20.0,64.0,4264980480.0,816690000000.0001,281.54,-52.6,286.14,50,False
microsoft/DialoGPT-large,16,float16,11,512,0.0001,5,5.0,True,1415.4930808157071,4.989297817565333,5.42833886256283,11.0,51.28,66.14,7230.0,58.7,62.1654,36.0,20.0,64.0,4264980480.0,816690000000.0001,281.52,-52.66,286.22,50,False
microsoft/DialoGPT-large,16,float16,11,2048,0.0001,0,0.0,True,1409.2189615294847,4.96718294460258,5.404277956853471,11.0,54.92,60.32,7194.0,58.6,61.3876,36.0,20.0,64.0,4264980480.0,816690000000.0001,281.6,-52.78,286.2,50,False
microsoft/DialoGPT-large,16,float16,11,2048,0.0001,0,5.0,True,1412.347180986678,4.978209221397694,5.416274508076682,11.0,53.42,59.94,7194.0,59.2,62.6054,36.0,20.0,64.0,4264980480.0,816690000000.0001,281.76,-52.54,286.24,50,False
microsoft/DialoGPT-large,16,float16,11,2048,0.0001,5,0.0,True,1426.7189378800551,5.0288664632270805,5.471389412928542,11.0,54.58,61.52,7290.0,58.94,61.6366,36.0,20.0,64.0,4264980480.0,816690000000.0001,281.46,-53.0,286.08,50,False
microsoft/DialoGPT-large,16,float16,11,2048,0.0001,5,5.0,True,1423.8417468853777,5.018725005847304,5.460355542185479,11.0,55.36,61.3,7268.0,58.86,61.882200000000005,36.0,20.0,64.0,4264980480.0,816690000000.0001,281.44,-52.38,286.12,50,False
microsoft/DialoGPT-large,16,float32,11,512,0.0001,0,0.0,True,1032.4233520288442,14.532229186465969,15.811015364694661,11.0,78.7457627118644,85.96610169491525,13738.0,59.898305084745765,68.51949152542373,36.0,20.0,64.0,4264980480.0,816690000000.0001,281.66101694915255,-52.83050847457627,286.1694915254237,59,False
microsoft/DialoGPT-large,16,float32,11,512,0.0001,0,5.0,True,1032.1708657404995,14.528675229069082,15.80714867127229,11.0,73.44,81.52,13850.0,58.72,69.7794,36.0,20.0,64.0,4264980480.0,816690000000.0001,281.58,-52.54,286.2,50,False
microsoft/DialoGPT-large,16,float32,11,512,0.0001,5,0.0,True,1032.1435507470026,14.528290747504474,15.806730356652599,11.0,76.078125,82.71875,14076.0,59.78125,68.22453125,36.0,20.0,64.0,4264980480.0,816690000000.0001,281.609375,-52.3125,286.25,64,False
microsoft/DialoGPT-large,16,float32,11,512,0.0001,5,5.0,True,1034.0071181051144,14.554522029370851,15.835269901088846,11.0,77.92424242424242,82.25757575757575,14060.0,59.25757575757576,67.58560606060605,36.0,20.0,64.0,4264980480.0,816690000000.0001,281.6666666666667,-53.0,286.1969696969697,66,False
microsoft/DialoGPT-large,16,float32,11,2048,0.0001,0,0.0,True,1032.8442661991323,14.53815390831427,15.817461441684848,11.0,80.15625,83.875,14064.0,59.921875,69.00140625,36.0,20.0,64.0,4264980480.0,816690000000.0001,281.65625,-52.734375,286.234375,64,False
microsoft/DialoGPT-large,16,float32,11,2048,0.0001,0,5.0,True,1033.3984149038772,14.54595401857418,15.825947934815623,11.0,76.3076923076923,86.5576923076923,13894.0,59.11538461538461,68.57442307692307,36.0,20.0,64.0,4264980480.0,816690000000.0001,281.7692307692308,-52.96153846153846,286.21153846153845,52,False
microsoft/DialoGPT-large,16,float32,11,2048,0.0001,5,0.0,True,1032.700454947986,14.53612964369729,15.815259048744952,11.0,77.0,87.34,13732.0,59.68,69.7818,36.0,20.0,64.0,4264980480.0,816690000000.0001,281.52,-52.98,286.22,50,False
microsoft/DialoGPT-large,16,float32,11,2048,0.0001,5,5.0,True,1032.0381252079019,14.526806794150158,15.805115820507833,11.0,79.60714285714286,85.5,14210.0,58.875,69.0525,36.0,20.0,64.0,4264980480.0,816690000000.0001,281.51785714285717,-53.0,286.1607142857143,56,False
microsoft/DialoGPT-large,32,bfloat16,11,512,0.0001,0,0.0,True,2754.006582479061,9.70725976534273,10.561271251625127,11.0,66.1,74.02,7634.0,59.54,67.7112,36.0,20.0,64.0,4264980480.0,1633350000000.0002,281.64,-52.84,286.24,50,False
microsoft/DialoGPT-large,32,bfloat16,11,512,0.0001,0,5.0,True,2754.0010862942377,9.707240392515471,10.56125017444284,11.0,69.96,72.68,7606.0,59.66,67.09020000000001,36.0,20.0,64.0,4264980480.0,1633350000000.0002,281.64,-52.9,286.24,50,False
microsoft/DialoGPT-large,32,bfloat16,11,512,0.0001,5,0.0,True,2727.1513931669056,9.612601204844344,10.458284954989587,11.0,70.0,70.22,7626.0,59.7,68.1534,36.0,20.0,64.0,4264980480.0,1633350000000.0002,281.78,-52.74,286.16,50,False
microsoft/DialoGPT-large,32,bfloat16,11,512,0.0001,5,5.0,True,2755.4682945239306,9.7124119747136,10.566876734740474,11.0,69.44,74.06,7634.0,59.92,66.9088,36.0,20.0,64.0,4264980480.0,1633350000000.0002,281.46,-52.58,286.12,50,False
microsoft/DialoGPT-large,32,bfloat16,11,2048,0.0001,0,0.0,True,2756.291321928391,9.715312962990069,10.570032942035448,11.0,65.74,78.4,7674.0,59.52,67.8488,36.0,20.0,64.0,4264980480.0,1633350000000.0002,281.76,-52.36,286.2,50,False
microsoft/DialoGPT-large,32,bfloat16,11,2048,0.0001,0,5.0,True,2749.9010937703806,9.692788832116797,10.545527215227864,11.0,65.92,77.42,7652.0,59.26,67.4048,36.0,20.0,64.0,4264980480.0,1633350000000.0002,281.34,-53.0,286.14,50,False
microsoft/DialoGPT-large,32,bfloat16,11,2048,0.0001,5,0.0,True,2757.0723656254095,9.718065968049418,10.573028147056402,11.0,72.54,70.1,7596.0,60.3,67.8492,36.0,20.0,64.0,4264980480.0,1633350000000.0002,281.64,-53.0,286.16,50,False
microsoft/DialoGPT-large,32,bfloat16,11,2048,0.0001,5,5.0,True,2752.8852619365907,9.703307360197723,10.556971127404513,11.0,71.86,72.22,7632.0,59.88,67.6596,36.0,20.0,64.0,4264980480.0,1633350000000.0002,281.52,-52.38,286.18,50,False
microsoft/DialoGPT-large,32,float16,11,512,0.0001,0,0.0,True,2792.0942583338847,9.841510338937267,10.707332731145874,11.0,64.52,77.8,7606.0,59.9,66.544,36.0,20.0,64.0,4264980480.0,1633350000000.0002,281.8,-52.9,286.24,50,False
microsoft/DialoGPT-large,32,float16,11,512,0.0001,0,5.0,True,2792.8322615983566,9.844111636058878,10.710162881484022,11.0,68.28,71.22,7596.0,60.16,66.9548,36.0,20.0,64.0,4264980480.0,1633350000000.0002,281.6,-52.74,286.24,50,False
microsoft/DialoGPT-large,32,float16,11,512,0.0001,5,0.0,True,2825.294308371571,9.958533120214753,10.834650776152108,11.0,67.68,73.26,7656.0,60.08,66.434,36.0,20.0,64.0,4264980480.0,1633350000000.0002,281.58,-52.66,286.14,50,False
microsoft/DialoGPT-large,32,float16,11,512,0.0001,5,5.0,True,2804.5350217940195,9.885361259031294,10.755041505088425,11.0,68.02,74.5,7656.0,59.9,66.5928,36.0,20.0,64.0,4264980480.0,1633350000000.0002,281.42,-52.78,286.2,50,False
microsoft/DialoGPT-large,32,float16,11,2048,0.0001,0,0.0,True,2788.6360411966516,9.829320893824955,10.69407090037695,11.0,65.22,73.3,7660.0,60.08,66.8,36.0,20.0,64.0,4264980480.0,1633350000000.0002,281.72,-52.9,286.2,50,False
microsoft/DialoGPT-large,32,float16,11,2048,0.0001,0,5.0,True,2798.6936556499654,9.864771744501608,10.73264059554816,11.0,65.72,72.64,7660.0,59.56,66.4184,36.0,20.0,64.0,4264980480.0,1633350000000.0002,281.66,-52.76,286.14,50,False
microsoft/DialoGPT-large,32,float16,11,2048,0.0001,5,0.0,True,2804.0333876507248,9.883593110412077,10.753117800806047,11.0,62.98,76.78,7624.0,59.68,66.38600000000001,36.0,20.0,64.0,4264980480.0,1633350000000.0002,281.64,-52.92,286.24,50,False
microsoft/DialoGPT-large,32,float16,11,2048,0.0001,5,5.0,True,2822.5195088903893,9.948752570112973,10.824009766731116,11.0,64.8,78.38,7628.0,59.84,67.0124,36.0,20.0,64.0,4264980480.0,1633350000000.0002,281.66,-52.62,286.2,50,False
microsoft/DialoGPT-large,32,float32,11,512,0.0001,0,0.0,True,1665.9764949146324,23.45002386452055,25.513076694877128,11.0,79.82,84.36,14362.0,59.76,68.1334,36.0,20.0,64.0,4264980480.0,1633350000000.0002,281.8,-52.92,286.26,50,False
microsoft/DialoGPT-large,32,float32,11,512,0.0001,0,5.0,True,1674.3783631703775,23.56828724440928,25.641744482113868,11.0,81.74,83.56,14422.0,59.24,68.0956,36.0,20.0,64.0,4264980480.0,1633350000000.0002,281.64,-52.86,286.36,50,False
microsoft/DialoGPT-large,32,float32,11,512,0.0001,5,0.0,True,1666.8713576890361,23.46261981259022,25.52678079134214,11.0,84.42,75.64,14476.0,59.78,68.2646,36.0,20.0,64.0,4264980480.0,1633350000000.0002,281.6,-52.46,286.24,50,False
microsoft/DialoGPT-large,32,float32,11,512,0.0001,5,5.0,True,1668.1278997449656,23.480306701503878,25.54602371220034,11.0,83.78,85.24,14508.0,59.06,68.765,36.0,20.0,64.0,4264980480.0,1633350000000.0002,281.54,-53.0,286.18,50,False
microsoft/DialoGPT-large,32,float32,11,2048,0.0001,0,0.0,True,1666.3002204982026,23.454580575064455,25.518034289217102,11.0,81.4,77.44,14388.0,59.12,68.6954,36.0,20.0,64.0,4264980480.0,1633350000000.0002,281.76,-52.54,286.22,50,False
microsoft/DialoGPT-large,32,float32,11,2048,0.0001,0,5.0,True,1665.6442436931488,23.445347148434465,25.507988537318152,11.0,86.26,81.52,14468.0,59.02,68.0368,36.0,20.0,64.0,4264980480.0,1633350000000.0002,281.68,-52.94,286.26,50,False
microsoft/DialoGPT-large,32,float32,11,2048,0.0001,5,0.0,True,1669.8529824836633,23.504588695586158,25.57244195300491,11.0,86.36,85.34,14470.0,59.9,67.8248,36.0,20.0,64.0,4264980480.0,1633350000000.0002,281.72,-53.0,286.3,50,False
microsoft/DialoGPT-large,32,float32,11,2048,0.0001,5,5.0,True,1674.1309258753308,23.56480435585021,25.637955180941265,11.0,80.02,84.96,14382.0,59.2,68.1642,36.0,20.0,64.0,4264980480.0,1633350000000.0002,281.64,-53.0,286.26,50,False
microsoft/DialoGPT-large,64,bfloat16,11,512,0.0001,0,0.0,True,3663.6760532707926,12.913642026647414,14.0639330087757,11.0,82.34,74.64,8648.64,60.46,69.5326,36.0,20.0,64.0,4264980480.0,3270000000000.0005,281.62,-52.92,286.16,50,False
microsoft/DialoGPT-large,64,bfloat16,11,512,0.0001,0,5.0,True,3661.5916628565783,12.906295014722355,14.055931557030679,11.0,79.76,75.46,8624.0,59.34,70.11059999999999,36.0,20.0,64.0,4264980480.0,3270000000000.0005,281.52,-52.92,286.12,50,False
microsoft/DialoGPT-large,64,bfloat16,11,512,0.0001,5,0.0,True,3658.5596695325826,12.89560791361299,14.044292495505665,11.0,79.2,77.04,8642.0,60.18,69.6882,36.0,20.0,64.0,4264980480.0,3270000000000.0005,281.7,-52.84,286.24,50,False
microsoft/DialoGPT-large,64,bfloat16,11,512,0.0001,5,5.0,True,3664.031245803566,12.914894001208504,14.065296503777306,11.0,80.68,72.22,8646.0,59.4,69.2332,36.0,20.0,64.0,4264980480.0,3270000000000.0005,281.62,-52.78,286.1,50,False
microsoft/DialoGPT-large,64,bfloat16,11,2048,0.0001,0,0.0,True,3650.433052266694,12.866963397904353,14.013096451108295,11.0,83.32,73.8,8598.0,60.26,69.4406,36.0,20.0,64.0,4264980480.0,3270000000000.0005,281.8,-52.46,286.26,50,False
microsoft/DialoGPT-large,64,bfloat16,11,2048,0.0001,0,5.0,True,3663.804545632127,12.914094933600241,14.064426258707101,11.0,82.4,74.72,8612.0,60.08,69.311,36.0,20.0,64.0,4264980480.0,3270000000000.0005,281.54,-52.9,286.14,50,False
microsoft/DialoGPT-large,64,bfloat16,11,2048,0.0001,5,0.0,True,3662.4713794739455,12.90939581984715,14.059308568369417,11.0,77.62,77.86,8658.0,59.98,69.9942,36.0,20.0,64.0,4264980480.0,3270000000000.0005,281.46,-53.0,286.02,50,False
microsoft/DialoGPT-large,64,bfloat16,11,2048,0.0001,5,5.0,True,3655.131782732305,12.883525376182547,14.031133698270375,11.0,79.5,78.26,8632.0,59.68,69.908,36.0,20.0,64.0,4264980480.0,3270000000000.0005,281.52,-52.5,286.22,50,False
microsoft/DialoGPT-large,64,float16,11,512,0.0001,0,0.0,True,4036.389808287484,14.22737499340253,15.494687585814324,11.0,77.21052631578948,79.91228070175438,8640.0,60.80701754385965,66.35052631578948,36.0,20.0,64.0,4264980480.0,3270000000000.0005,281.63157894736844,-52.719298245614034,286.17543859649123,57,False
microsoft/DialoGPT-large,64,float16,11,512,0.0001,0,5.0,True,4040.201660587856,14.24081092369487,15.509320330252502,11.0,92.52,87.1,8636.0,60.36,63.1618,36.0,20.0,64.0,4264980480.0,3270000000000.0005,281.58,-52.64,286.16,50,False
microsoft/DialoGPT-large,64,float16,11,512,0.0001,5,0.0,True,4050.8719772806194,14.278421413289955,15.550280998435888,11.0,82.58,78.76,8652.0,60.6,70.4858,36.0,20.0,64.0,4264980480.0,3270000000000.0005,281.74,-52.98,286.22,50,False
microsoft/DialoGPT-large,64,float16,11,512,0.0001,5,5.0,True,4053.7978047533707,14.288734303421467,15.561512515899139,11.0,73.48,83.68,8652.0,59.52,71.23020000000001,36.0,20.0,64.0,4264980480.0,3270000000000.0005,281.58,-52.74,286.16,50,False
microsoft/DialoGPT-large,64,float16,11,2048,0.0001,0,0.0,True,4038.9195179905932,14.236291656628834,15.504398506561374,11.0,76.36,78.92,8618.0,60.72,67.178,36.0,20.0,64.0,4264980480.0,3270000000000.0005,281.74,-52.72,286.22,50,False
microsoft/DialoGPT-large,64,float16,11,2048,0.0001,0,5.0,True,4040.8119850984494,14.242962181648709,15.511663212894359,11.0,75.26,75.44,8618.0,59.86,71.5772,36.0,20.0,64.0,4264980480.0,3270000000000.0005,281.6,-52.84,286.16,50,False
microsoft/DialoGPT-large,64,float16,11,2048,0.0001,5,0.0,True,4044.526236608326,14.256054090894521,15.525921292389684,11.0,79.26415094339623,75.18867924528301,8642.0,60.490566037735846,67.4788679245283,36.0,20.0,64.0,4264980480.0,3270000000000.0005,281.58490566037733,-53.0,286.0943396226415,53,False
microsoft/DialoGPT-large,64,float16,11,2048,0.0001,5,5.0,True,4045.919847232439,14.260966257926393,15.531271013864195,11.0,79.24,76.5,8652.0,59.88,70.1692,36.0,20.0,64.0,4264980480.0,3270000000000.0005,281.6,-52.54,286.14,50,False
microsoft/DialoGPT-large,64,float32,11,512,0.0001,0,0.0,True,2292.8669056392628,32.27403496960218,35.14886542454428,11.0,97.3,80.98,16462.0,59.6,69.1328,36.0,20.0,64.0,4264980480.0,3270000000000.0005,281.78,-52.86,286.18,50,False
microsoft/DialoGPT-large,64,float32,11,512,0.0001,0,5.0,True,2296.148548032527,32.32022685326426,35.19917187999908,11.0,96.98,79.56,16564.0,59.42,68.9516,36.0,20.0,64.0,4264980480.0,3270000000000.0005,281.58,-53.0,286.16,50,False
microsoft/DialoGPT-large,64,float32,11,512,0.0001,5,0.0,True,2297.0029492370186,32.33225327062151,35.2122695582295,11.0,97.22,80.56,16510.0,59.8,68.804,36.0,20.0,64.0,4264980480.0,3270000000000.0005,281.54,-52.46,286.14,50,False
microsoft/DialoGPT-large,64,float32,11,512,0.0001,5,5.0,True,2296.62810790103,32.32697706276313,35.20652336875736,11.0,98.58,82.8,16554.0,59.78,68.8576,36.0,20.0,64.0,4264980480.0,3270000000000.0005,281.48,-52.88,286.16,50,False
microsoft/DialoGPT-large,64,float32,11,2048,0.0001,0,0.0,True,2295.408614958104,32.30981167135363,35.18782895905059,11.0,99.38,84.08,16548.0,59.84,68.5164,36.0,20.0,64.0,4264980480.0,3270000000000.0005,281.72,-52.8,286.24,50,False
microsoft/DialoGPT-large,64,float32,11,2048,0.0001,0,5.0,True,2294.065826041326,32.29091078515291,35.167244464236134,11.0,94.44,78.64,16534.0,59.58,69.2338,36.0,20.0,64.0,4264980480.0,3270000000000.0005,281.68,-53.0,286.32,50,False
microsoft/DialoGPT-large,64,float32,11,2048,0.0001,5,0.0,True,2294.76574080289,32.300762675567874,35.17797391813611,11.0,94.62,81.7,16580.0,59.72,69.2612,36.0,20.0,64.0,4264980480.0,3270000000000.0005,281.56,-52.92,286.24,50,False
microsoft/DialoGPT-large,64,float32,11,2048,0.0001,5,5.0,True,2295.6786383595295,32.31361247840387,35.19196832543721,11.0,97.4,79.52,16580.0,59.54,69.18939999999999,36.0,20.0,64.0,4264980480.0,3270000000000.0005,281.54,-53.0,286.18,50,False
microsoft/DialoGPT-large,128,bfloat16,11,512,0.0001,0,0.0,True,4059.865512570247,14.31012162193165,15.584804923582723,11.0,99.6,83.2,11832.0,60.66,71.65,36.0,20.0,64.0,4264980480.0,6540000000000.001,281.48,-53.0,286.08,50,False
microsoft/DialoGPT-large,128,bfloat16,11,512,0.0001,0,5.0,True,4070.398806736074,14.347249137640203,15.62523959666952,11.0,100.0,79.52,11786.0,60.38,70.7318,36.0,20.0,64.0,4264980480.0,6540000000000.001,281.52,-52.96,286.2,50,False
microsoft/DialoGPT-large,128,bfloat16,11,512,0.0001,5,0.0,True,4069.7674873745277,14.34502387751323,15.622816120063282,11.0,99.3,77.1,11854.0,60.06,70.46,36.0,20.0,64.0,4264980480.0,6540000000000.001,281.62,-52.98,286.16,50,False
microsoft/DialoGPT-large,128,bfloat16,11,512,0.0001,5,5.0,True,4067.958698923629,14.338648301120227,15.615872635096107,11.0,99.96,80.2,11874.0,60.56,70.3626,36.0,20.0,64.0,4264980480.0,6540000000000.001,281.62,-52.88,286.1,50,False
microsoft/DialoGPT-large,128,bfloat16,11,2048,0.0001,0,0.0,True,4064.8656948509874,14.327746150711652,15.60399936861703,11.0,99.18,81.14,11980.0,60.36,71.3448,36.0,20.0,64.0,4264980480.0,6540000000000.001,281.7,-52.42,286.18,50,False
microsoft/DialoGPT-large,128,bfloat16,11,2048,0.0001,0,5.0,True,4067.41641128175,14.336736857973813,15.613790928920128,11.0,99.12,79.24,11984.0,59.92,70.8736,36.0,20.0,64.0,4264980480.0,6540000000000.001,281.58,-53.0,286.16,50,False
microsoft/DialoGPT-large,128,bfloat16,11,2048,0.0001,5,0.0,True,4066.6333447133693,14.333976722743495,15.61078493286617,11.0,99.6,80.06,11860.0,60.54,70.9768,36.0,20.0,64.0,4264980480.0,6540000000000.001,281.7,-52.6,286.22,50,False
microsoft/DialoGPT-large,128,bfloat16,11,2048,0.0001,5,5.0,True,4067.0633026962983,14.335492228862847,15.612435433669347,11.0,99.86,78.2,11834.0,60.44,70.6228,36.0,20.0,64.0,4264980480.0,6540000000000.001,281.28,-52.38,286.06,50,False
microsoft/DialoGPT-large,128,float16,11,512,0.0001,0,0.0,True,4466.420997366653,15.743139148124715,17.145469409030987,11.0,98.02,88.84,11804.0,60.9,69.9566,36.0,20.0,64.0,4264980480.0,6540000000000.001,281.8,-52.82,286.22,50,False
microsoft/DialoGPT-large,128,float16,11,512,0.0001,0,5.0,True,4461.938550635491,15.727339521834594,17.1282624208514,11.0,97.84,86.36,11784.0,60.9,70.112,36.0,20.0,64.0,4264980480.0,6540000000000.001,281.74,-52.34,286.2,50,False
microsoft/DialoGPT-large,128,float16,11,512,0.0001,5,0.0,True,4478.903806006121,15.787138268110589,17.193387778972596,11.0,98.52,91.64,11866.0,61.32,69.8854,36.0,20.0,64.0,4264980480.0,6540000000000.001,281.68,-52.58,286.24,50,False
microsoft/DialoGPT-large,128,float16,11,512,0.0001,5,5.0,True,4473.583516104803,15.76838543127004,17.172964521110423,11.0,98.56,86.76,11866.0,60.9,69.8988,36.0,20.0,64.0,4264980480.0,6540000000000.001,281.44,-52.72,286.16,50,False
microsoft/DialoGPT-large,128,float16,11,2048,0.0001,0,0.0,True,4463.060760878704,15.731295062976546,17.13257030436862,11.0,98.42,87.7,11998.0,61.48,70.0322,36.0,20.0,64.0,4264980480.0,6540000000000.001,281.7,-53.0,286.22,50,False
microsoft/DialoGPT-large,128,float16,11,2048,0.0001,0,5.0,True,4465.6637793408745,15.74047012324947,17.142562639045668,11.0,98.4,89.26,12000.0,60.82,69.7602,36.0,20.0,64.0,4264980480.0,6540000000000.001,281.62,-52.92,286.14,50,False
microsoft/DialoGPT-large,128,float16,11,2048,0.0001,5,0.0,True,4478.622770321673,15.786147679921864,17.192308953502852,11.0,96.94,88.36,11836.0,61.16,70.1176,36.0,20.0,64.0,4264980480.0,6540000000000.001,281.62,-52.9,286.2,50,False
microsoft/DialoGPT-large,128,float16,11,2048,0.0001,5,5.0,True,4475.608970764199,15.775524707786943,17.180739733281992,11.0,96.62,87.5,11854.0,60.7,70.15,36.0,20.0,64.0,4264980480.0,6540000000000.001,281.6,-52.96,286.14,50,False
microsoft/DialoGPT-large,128,float32,11,512,0.0001,0,0.0,True,2589.061006286897,36.44321667769892,39.68941967895924,11.0,100.0,83.52,20880.6,60.56,70.7598,36.0,20.0,64.0,4264980480.0,6540000000000.001,281.68,-52.96,286.18,50,False
microsoft/DialoGPT-large,128,float32,11,512,0.0001,0,5.0,True,2588.970893890031,36.44194826973312,39.68803828673681,11.0,100.0,83.88,21090.6,60.34,70.4602,36.0,20.0,64.0,4264980480.0,6540000000000.001,281.64,-53.0,286.22,50,False
microsoft/DialoGPT-large,128,float32,11,512,0.0001,5,0.0,True,2589.5993602424605,36.45079446354648,39.697672460962565,11.0,99.72,81.34,20854.0,60.32,69.932,36.0,20.0,64.0,4264980480.0,6540000000000.001,281.34,-52.48,286.14,50,False
microsoft/DialoGPT-large,128,float32,11,512,0.0001,5,5.0,True,2590.8135880223235,36.467885743346436,39.71628615752043,11.0,99.74,79.68,20832.0,60.18,70.12819999999999,36.0,20.0,64.0,4264980480.0,6540000000000.001,281.36,-52.96,286.16,50,False
microsoft/DialoGPT-large,128,float32,11,2048,0.0001,0,0.0,True,2588.952926893671,36.441695369110136,39.68776285882793,11.0,99.76,81.28,21046.6,60.16,70.557,36.0,20.0,64.0,4264980480.0,6540000000000.001,281.52,-52.76,286.14,50,False
microsoft/DialoGPT-large,128,float32,11,2048,0.0001,0,5.0,True,2591.200749968867,36.473335374186725,39.722221217738316,11.0,99.88,83.2,20898.6,60.2,70.1764,36.0,20.0,64.0,4264980480.0,6540000000000.001,281.56,-53.0,286.2,50,False
microsoft/DialoGPT-large,128,float32,11,2048,0.0001,5,0.0,True,2590.25432624538,36.46001366228415,39.707712865766545,11.0,99.98,83.6,20832.0,60.5,70.0744,36.0,20.0,64.0,4264980480.0,6540000000000.001,281.7,-52.74,286.2,50,False
microsoft/DialoGPT-large,128,float32,11,2048,0.0001,5,5.0,True,2593.0854599201834,36.499864255879224,39.75111317665673,11.0,100.0,82.46,20844.0,60.26,70.8788,36.0,20.0,64.0,4264980480.0,6540000000000.001,281.46,-53.0,286.18,50,False
