model_name,batch_size,dtype,sequence_length,context_window,learning_rate,warmup_iterations,cooldown_seconds,io_latency_enabled,io_latency_profile,io_latency_pattern,power_meter_available,tokens_per_second_mean,mfu_percentage_mean,mfu_percentage_calflops_mean,sequence_length_mean,gpu_utilization_mean,memory_utilization_mean,memory_used_mb_mean,temperature_celsius_mean,power_draw_watts_mean,num_layers_mean,num_heads_mean,head_dim_mean,formula_flops_per_token_mean,calflops_total_mean,io_latency_actual_ms_mean,io_latency_mean_config_ms_mean,power_meter_active_power_w_mean,power_meter_reactive_power_var_mean,power_meter_apparent_power_va_mean,samples_per_config,cap_reached
Qwen/Qwen2.5-0.5B,1,float16,11,512,0.0001,0,0.0,False,,,True,65.64636904491354,0.10272196874482473,0.2183752023670992,11.0,42.82,31.0,5047.0,64.9,111.265728374433,24.0,14.0,64.0,1395781632.0,32640000000.0,0.0,0.0,342.96,-56.26,348.68,50,False
Qwen/Qwen2.5-0.5B,1,float16,11,512,0.0001,0,5.0,False,,,True,65.52919820482055,0.10253862243719265,0.21798542900584408,11.0,42.68,31.0,5033.0,63.8,112.00096223660356,24.0,14.0,64.0,1395781632.0,32640000000.0,0.0,0.0,340.8,-56.42,346.74,50,False
Qwen/Qwen2.5-0.5B,1,float16,11,512,0.0001,5,0.0,False,,,True,65.80472806486031,0.10296976539426782,0.21890198981217288,11.0,43.04,31.0,5103.0,65.28,112.1216350607874,24.0,14.0,64.0,1395781632.0,32640000000.0,0.0,0.0,342.34,-56.46,348.3,50,False
Qwen/Qwen2.5-0.5B,1,float16,11,512,0.0001,5,5.0,False,,,True,65.99824874568519,0.10327258222353632,0.2195457438910685,11.0,43.2,31.0,5079.0,63.88,112.04916474312553,24.0,14.0,64.0,1395781632.0,32640000000.0,0.0,0.0,342.48,-56.44,348.3,50,False
Qwen/Qwen2.5-0.5B,1,float16,11,2048,0.0001,0,0.0,False,,,True,65.71477944007286,0.10282901579975887,0.21860277220994476,11.0,43.06,31.0,5043.0,65.28,111.85314288514746,24.0,14.0,64.0,1395781632.0,32640000000.0,0.0,0.0,343.66,-56.5,349.52,50,False
Qwen/Qwen2.5-0.5B,1,float16,11,2048,0.0001,0,5.0,False,,,True,65.80591110030363,0.10297161658164651,0.21890592522563293,11.0,42.94,31.0,5067.0,64.06,112.8867417158473,24.0,14.0,64.0,1395781632.0,32640000000.0,0.0,0.0,342.96,-56.26,348.78,50,False
Qwen/Qwen2.5-0.5B,1,float16,11,2048,0.0001,5,0.0,False,,,True,65.64446652500418,0.1027189917242597,0.218368873560552,11.0,42.9,31.0,5103.0,65.76,114.07568190898157,24.0,14.0,64.0,1395781632.0,32640000000.0,0.0,0.0,343.02,-56.56,348.98,50,False
Qwen/Qwen2.5-0.5B,1,float16,11,2048,0.0001,5,5.0,False,,,True,66.08391857270949,0.10340663645108916,0.21983072790595576,11.0,43.16,31.0,5105.0,63.94,112.17300105616114,24.0,14.0,64.0,1395781632.0,32640000000.0,0.0,0.0,342.34,-56.46,348.26,50,False
Qwen/Qwen2.5-0.5B,1,float32,11,512,0.0001,0,0.0,False,,,True,67.26371291483848,0.8382629909522565,1.7820516148866299,11.0,53.7,59.0,9681.0,77.6,143.6571088539433,24.0,14.0,64.0,1395781632.0,32640000000.0,0.0,0.0,372.82,-57.88,379.04,50,False
Qwen/Qwen2.5-0.5B,1,float32,11,512,0.0001,0,5.0,False,,,True,67.33083994665198,0.8390995505773989,1.7838300453398708,11.0,53.66,58.0,9537.0,76.32,144.18940185401547,24.0,14.0,64.0,1395781632.0,32640000000.0,0.0,0.0,375.54,-57.86,381.64,50,False
Qwen/Qwen2.5-0.5B,1,float32,11,512,0.0001,5,0.0,False,,,True,67.16483063450437,0.8370306867502866,1.7794318765505057,11.0,53.52,59.0,9637.0,77.46,143.51342049246605,24.0,14.0,64.0,1395781632.0,32640000000.0,0.0,0.0,374.24,-57.48,380.14,50,False
Qwen/Qwen2.5-0.5B,1,float32,11,512,0.0001,5,5.0,False,,,True,67.03254290070805,0.8353820725630383,1.7759271106161614,11.0,53.62,59.0,9627.0,76.08,143.70457128096302,24.0,14.0,64.0,1395781632.0,32640000000.0,0.0,0.0,374.92,-57.76,380.96,50,False
Qwen/Qwen2.5-0.5B,1,float32,11,2048,0.0001,0,0.0,False,,,True,67.092897235772,0.836134228565662,1.7775261085840897,11.0,53.42,58.0,9553.0,77.62,143.7664370553485,24.0,14.0,64.0,1395781632.0,32640000000.0,0.0,0.0,372.58,-57.76,378.76,50,False
Qwen/Qwen2.5-0.5B,1,float32,11,2048,0.0001,0,5.0,False,,,True,67.11548419256192,0.8364157148103952,1.7781245162704715,11.0,53.74,58.0,9563.0,76.02,144.53005812774967,24.0,14.0,64.0,1395781632.0,32640000000.0,0.0,0.0,372.06,-57.86,378.22,50,False
Qwen/Qwen2.5-0.5B,1,float32,11,2048,0.0001,5,0.0,False,,,True,67.05810024503612,0.8357005767753225,1.7766042142840737,11.0,53.94,59.0,9665.0,77.58,144.13585544147136,24.0,14.0,64.0,1395781632.0,32640000000.0,0.0,0.0,373.94,-57.76,379.92,50,False
Qwen/Qwen2.5-0.5B,1,float32,11,2048,0.0001,5,5.0,False,,,True,67.21101263647505,0.8376062223759979,1.7806553997195989,11.0,53.78,59.0,9641.0,76.32,145.7594766534036,24.0,14.0,64.0,1395781632.0,32640000000.0,0.0,0.0,373.32,-57.84,379.5,50,False
Qwen/Qwen2.5-0.5B,4,float16,11,512,0.0001,0,0.0,False,,,True,259.2668859477392,0.4056950192731987,0.862461389862842,11.0,43.76,32.0,5251.0,60.06,109.64544260603847,24.0,14.0,64.0,1395781632.0,130560000000.0,0.0,0.0,338.82,-56.26,344.46,50,False
Qwen/Qwen2.5-0.5B,4,float16,11,512,0.0001,0,5.0,False,,,True,261.0930159401947,0.4085525066062858,0.8685360823774925,11.0,43.08,32.0,5237.0,58.72,108.37862444398591,24.0,14.0,64.0,1395781632.0,130560000000.0,0.0,0.0,337.92,-56.48,343.98,50,False
Qwen/Qwen2.5-0.5B,4,float16,11,512,0.0001,5,0.0,False,,,True,260.1603652417143,0.407093115671296,0.8654335835191149,11.0,44.46,34.0,5507.0,60.42,111.47827887935347,24.0,14.0,64.0,1395781632.0,130560000000.0,0.0,0.0,341.9,-56.38,347.78,50,False
Qwen/Qwen2.5-0.5B,4,float16,11,512,0.0001,5,5.0,False,,,True,260.9881312330584,0.4083883853644714,0.8681871793158407,11.0,44.3,33.0,5483.0,58.74,108.35976092037885,24.0,14.0,64.0,1395781632.0,130560000000.0,0.0,0.0,338.78,-56.36,344.56,50,False
Qwen/Qwen2.5-0.5B,4,float16,11,2048,0.0001,0,0.0,False,,,True,260.3485418260372,0.40738757017798927,0.8660595602529406,11.0,44.5,32.0,5255.0,60.34,111.55453731660933,24.0,14.0,64.0,1395781632.0,130560000000.0,0.0,0.0,340.26,-56.58,346.36,50,False
Qwen/Qwen2.5-0.5B,4,float16,11,2048,0.0001,0,5.0,False,,,True,261.33607704451407,0.40893284318124395,0.8693446346038465,11.0,44.1,32.0,5259.0,58.92,108.2722769878619,24.0,14.0,64.0,1395781632.0,130560000000.0,0.0,0.0,337.42,-56.38,343.34,50,False
Qwen/Qwen2.5-0.5B,4,float16,11,2048,0.0001,5,0.0,False,,,True,261.16174202372787,0.4086600476433205,0.8687647023700039,11.0,44.68,34.0,5499.0,60.94,113.60990043278625,24.0,14.0,64.0,1395781632.0,130560000000.0,0.0,0.0,342.98,-56.48,348.86,50,False
Qwen/Qwen2.5-0.5B,4,float16,11,2048,0.0001,5,5.0,False,,,True,266.4978055961135,0.4170098004701368,0.8865153255867453,11.0,45.32,34.0,5497.0,58.82,108.07447438114042,24.0,14.0,64.0,1395781632.0,130560000000.0,0.0,0.0,342.38,-56.42,348.06,50,False
Qwen/Qwen2.5-0.5B,4,float32,11,512,0.0001,0,0.0,False,,,True,266.47990359551727,3.3209620958549446,7.059987056296823,11.0,58.74,59.0,9723.0,73.06,158.27100165213446,24.0,14.0,64.0,1395781632.0,130560000000.0,0.0,0.0,386.36,-58.72,392.9,50,False
Qwen/Qwen2.5-0.5B,4,float32,11,512,0.0001,0,5.0,False,,,True,263.56624931548913,3.284651157229396,6.982794137709065,11.0,57.4,59.0,9739.0,70.7,154.63403903055743,24.0,14.0,64.0,1395781632.0,130560000000.0,0.0,0.0,381.72,-58.34,388.14,50,False
Qwen/Qwen2.5-0.5B,4,float32,11,512,0.0001,5,0.0,False,,,True,265.9249050919551,3.3140455180240553,7.045283199838812,11.0,58.42,62.0,10229.0,72.7,157.07620898787087,24.0,14.0,64.0,1395781632.0,130560000000.0,0.0,0.0,388.68,-58.28,394.74,50,False
Qwen/Qwen2.5-0.5B,4,float32,11,512,0.0001,5,5.0,False,,,True,264.9761817540006,3.3022222090154245,7.020148191924172,11.0,57.82,62.0,10225.0,70.92,155.7517436675004,24.0,14.0,64.0,1395781632.0,130560000000.0,0.0,0.0,383.34,-58.42,389.88,50,False
Qwen/Qwen2.5-0.5B,4,float32,11,2048,0.0001,0,0.0,False,,,True,265.52509406054156,3.3090629386140735,7.0346908036818805,11.0,58.12,62.0,10231.0,72.88,158.4868515063647,24.0,14.0,64.0,1395781632.0,130560000000.0,0.0,0.0,388.06,-58.42,394.18,50,False
Qwen/Qwen2.5-0.5B,4,float32,11,2048,0.0001,0,5.0,False,,,True,264.538287876183,3.2967650283777186,7.008546847628745,11.0,57.72,59.0,9741.0,71.0,158.08531603260323,24.0,14.0,64.0,1395781632.0,130560000000.0,0.0,0.0,387.5,-58.4,393.7,50,False
Qwen/Qwen2.5-0.5B,4,float32,11,2048,0.0001,5,0.0,False,,,True,265.11046236801184,3.303895659145519,7.023705756243431,11.0,58.74,62.0,10223.0,72.82,157.44778112288756,24.0,14.0,64.0,1395781632.0,130560000000.0,0.0,0.0,385.6,-58.34,392.1,50,False
Qwen/Qwen2.5-0.5B,4,float32,11,2048,0.0001,5,5.0,False,,,True,266.6000726070159,3.322459682453028,7.06317075478328,11.0,58.9,62.0,10217.0,70.98,154.03142859175435,24.0,14.0,64.0,1395781632.0,130560000000.0,0.0,0.0,379.88,-58.42,386.5,50,False
Qwen/Qwen2.5-0.5B,8,float16,11,512,0.0001,0,0.0,False,,,True,524.1291198732551,0.8201455138065198,1.743335608282055,11.0,45.16,34.0,5605.0,58.56,112.72328896005796,24.0,14.0,64.0,1395781632.0,261090000000.0,0.0,0.0,343.92,-56.64,350.02,50,False
Qwen/Qwen2.5-0.5B,8,float16,11,512,0.0001,0,5.0,False,,,True,523.6879827745292,0.8194552323495743,1.7418683171448461,11.0,46.24,34.0,5605.0,57.0,111.23233596952389,24.0,14.0,64.0,1395781632.0,261090000000.0,0.0,0.0,340.66,-56.7,346.82,50,False
Qwen/Qwen2.5-0.5B,8,float16,11,512,0.0001,5,0.0,False,,,True,523.7421772453037,0.8195400346442636,1.7420485764494538,11.0,44.94,34.0,5553.0,59.0,114.10707997996856,24.0,14.0,64.0,1395781632.0,261090000000.0,0.0,0.0,344.9,-56.56,350.9,50,False
Qwen/Qwen2.5-0.5B,8,float16,11,512,0.0001,5,5.0,False,,,True,524.3807375883061,0.8205392395744054,1.7441725282425964,11.0,45.96,34.0,5559.0,57.02,112.85497535625721,24.0,14.0,64.0,1395781632.0,261090000000.0,0.0,0.0,341.36,-56.44,347.34,50,False
Qwen/Qwen2.5-0.5B,8,float16,11,2048,0.0001,0,0.0,False,,,True,524.5820296869949,0.8208542169443791,1.7448420573147356,11.0,45.7,33.0,5363.0,59.0,114.41568544277666,24.0,14.0,64.0,1395781632.0,261090000000.0,0.0,0.0,345.02,-56.7,351.08,50,False
Qwen/Qwen2.5-0.5B,8,float16,11,2048,0.0001,0,5.0,False,,,True,524.4275201861893,0.8206124439363142,1.74432813449618,11.0,45.52,34.0,5627.0,57.0,112.25064805242354,24.0,14.0,64.0,1395781632.0,261090000000.0,0.0,0.0,341.74,-56.7,347.02,50,False
Qwen/Qwen2.5-0.5B,8,float16,11,2048,0.0001,5,0.0,False,,,True,520.9067917496643,0.8151032868926351,1.732617639853239,11.0,43.68,34.0,5545.0,59.2,115.57495975711055,24.0,14.0,64.0,1395781632.0,261090000000.0,0.0,0.0,343.3,-56.74,349.5,50,False
Qwen/Qwen2.5-0.5B,8,float16,11,2048,0.0001,5,5.0,False,,,True,524.0822674379567,0.8200722001645872,1.7431797697382811,11.0,45.22,34.0,5547.0,57.0,111.76309164711134,24.0,14.0,64.0,1395781632.0,261090000000.0,0.0,0.0,342.3,-56.46,348.1,50,False
Qwen/Qwen2.5-0.5B,8,float32,11,512,0.0001,0,0.0,False,,,True,527.0704208756006,6.568528680613149,13.962339304627694,11.0,64.2,59.0,9745.0,73.26,173.51507198766117,24.0,14.0,64.0,1395781632.0,261090000000.0,0.0,0.0,399.2,-60.36,406.46,50,False
Qwen/Qwen2.5-0.5B,8,float32,11,512,0.0001,0,5.0,False,,,True,525.7040768741474,6.551500842575454,13.926144219873288,11.0,63.82,63.0,10279.0,70.68,171.62387457199358,24.0,14.0,64.0,1395781632.0,261090000000.0,0.0,0.0,395.3,-60.58,403.06,50,False
Qwen/Qwen2.5-0.5B,8,float32,11,512,0.0001,5,0.0,False,,,True,526.5981143272372,6.562642637712445,13.949827685643097,11.0,63.88,62.0,10193.0,72.9,173.37524298649353,24.0,14.0,64.0,1395781632.0,261090000000.0,0.0,0.0,400.48,-60.68,407.92,50,False
Qwen/Qwen2.5-0.5B,8,float32,11,512,0.0001,5,5.0,False,,,True,526.230605972477,6.558062625112615,13.940092219293224,11.0,63.24,62.0,10179.0,70.66,171.7504315240142,24.0,14.0,64.0,1395781632.0,261090000000.0,0.0,0.0,393.68,-60.66,401.66,50,False
Qwen/Qwen2.5-0.5B,8,float32,11,2048,0.0001,0,0.0,False,,,True,527.3586263607868,6.572120394206582,13.9699740012721,11.0,64.0,63.0,10277.0,73.1,174.37278945107963,24.0,14.0,64.0,1395781632.0,261090000000.0,0.0,0.0,394.8,-60.74,402.68,50,False
Qwen/Qwen2.5-0.5B,8,float32,11,2048,0.0001,0,5.0,False,,,True,525.5263364135253,6.549285781234387,13.921435792837592,11.0,63.64,60.0,9761.0,71.42,173.65579374935479,24.0,14.0,64.0,1395781632.0,261090000000.0,0.0,0.0,398.86,-61.2,406.86,50,False
Qwen/Qwen2.5-0.5B,8,float32,11,2048,0.0001,5,0.0,False,,,True,527.2711019291245,6.571029635330998,13.967655438583108,11.0,64.84,62.0,10191.0,72.82,173.3333265659425,24.0,14.0,64.0,1395781632.0,261090000000.0,0.0,0.0,397.7,-60.4,405.24,50,False
Qwen/Qwen2.5-0.5B,8,float32,11,2048,0.0001,5,5.0,False,,,True,530.2240215503875,6.6078299118321695,14.04587964555506,11.0,65.1,62.0,10197.0,70.8,170.61238710331384,24.0,14.0,64.0,1395781632.0,261090000000.0,0.0,0.0,395.84,-60.28,403.34,50,False
Qwen/Qwen2.5-0.5B,16,float16,11,512,0.0001,0,0.0,False,,,True,1052.9650269009674,1.6476561027878431,3.5023267284138497,11.0,49.34,35.0,5719.0,58.88,120.84868586518255,24.0,14.0,64.0,1395781632.0,522180000000.0,0.0,0.0,350.9,-57.12,357.24,50,False
Qwen/Qwen2.5-0.5B,16,float16,11,512,0.0001,0,5.0,False,,,True,1050.4220084141027,1.6436768443867198,3.4938682503164245,11.0,49.62,35.0,5721.0,57.26,116.89030067102426,24.0,14.0,64.0,1395781632.0,522180000000.0,0.0,0.0,346.88,-56.74,352.94,50,False
Qwen/Qwen2.5-0.5B,16,float16,11,512,0.0001,5,0.0,False,,,True,1050.7445885585623,1.6441816105756042,3.494941202440316,11.0,49.7,34.0,5527.0,59.0,120.33345559713057,24.0,14.0,64.0,1395781632.0,522180000000.0,0.0,0.0,350.72,-56.82,356.72,50,False
Qwen/Qwen2.5-0.5B,16,float16,11,512,0.0001,5,5.0,False,,,True,1052.7583201842958,1.6473326527448597,3.501639189473575,11.0,49.64,34.0,5533.0,57.6,118.78028390584699,24.0,14.0,64.0,1395781632.0,522180000000.0,0.0,0.0,346.8,-56.52,352.72,50,False
Qwen/Qwen2.5-0.5B,16,float16,11,2048,0.0001,0,0.0,False,,,True,1047.1820785674188,1.638607074690565,3.483091735797587,11.0,49.04,35.0,5727.0,58.98,119.98578903498517,24.0,14.0,64.0,1395781632.0,522180000000.0,0.0,0.0,349.52,-56.74,355.6,50,False
Qwen/Qwen2.5-0.5B,16,float16,11,2048,0.0001,0,5.0,False,,,True,1051.2822859530872,1.6450229874218507,3.4967296682568736,11.0,48.72,35.0,5743.0,57.58,118.5467877242695,24.0,14.0,64.0,1395781632.0,522180000000.0,0.0,0.0,347.96,-56.78,353.98,50,False
Qwen/Qwen2.5-0.5B,16,float16,11,2048,0.0001,5,0.0,False,,,True,1047.2137370765488,1.6386566132169553,3.4831970369613243,11.0,49.58,34.0,5519.0,59.42,121.56998525111945,24.0,14.0,64.0,1395781632.0,522180000000.0,0.0,0.0,350.68,-56.8,356.72,50,False
Qwen/Qwen2.5-0.5B,16,float16,11,2048,0.0001,5,5.0,False,,,True,1047.8968472585686,1.6397255287379144,3.4854691685020858,11.0,50.0,34.0,5521.0,57.5,118.23792975429154,24.0,14.0,64.0,1395781632.0,522180000000.0,0.0,0.0,346.98,-56.58,352.86,50,False
Qwen/Qwen2.5-0.5B,16,float32,11,512,0.0001,0,0.0,False,,,True,1029.4570163374703,12.829439235155043,27.270792653769284,11.0,79.32,60.0,9881.0,76.9,201.6854223346948,24.0,14.0,64.0,1395781632.0,522180000000.0,0.0,0.0,420.36,-66.32,430.26,50,False
Qwen/Qwen2.5-0.5B,16,float32,11,512,0.0001,0,5.0,False,,,True,1027.337281847385,12.803022391708812,27.214639906405615,11.0,78.54,63.0,10385.0,74.22,199.58056022947048,24.0,14.0,64.0,1395781632.0,522180000000.0,0.0,0.0,416.78,-66.06,426.82,50,False
Qwen/Qwen2.5-0.5B,16,float32,11,512,0.0001,5,0.0,False,,,True,1029.0791860759343,12.824730587484815,27.260783755333367,11.0,80.16,63.0,10279.0,76.74,201.25446918245208,24.0,14.0,64.0,1395781632.0,522180000000.0,0.0,0.0,420.72,-66.18,430.46,50,False
Qwen/Qwen2.5-0.5B,16,float32,11,512,0.0001,5,5.0,False,,,True,1030.2108531779656,12.838833803150475,27.290762140445928,11.0,80.02,63.0,10261.0,74.48,199.9991440501165,24.0,14.0,64.0,1395781632.0,522180000000.0,0.0,0.0,420.66,-66.58,430.86,50,False
Qwen/Qwen2.5-0.5B,16,float32,11,2048,0.0001,0,0.0,False,,,True,1030.6374528842896,12.844150232028184,27.302062964038065,11.0,78.58,61.0,9941.0,76.8,201.81202604496454,24.0,14.0,64.0,1395781632.0,522180000000.0,0.0,0.0,422.54,-66.32,432.44,50,False
Qwen/Qwen2.5-0.5B,16,float32,11,2048,0.0001,0,5.0,False,,,True,1032.8689577724504,12.871959995730087,27.36117656095871,11.0,77.42,63.0,10379.0,74.82,201.09864631894484,24.0,14.0,64.0,1395781632.0,522180000000.0,0.0,0.0,419.0,-66.6,429.46,50,False
Qwen/Qwen2.5-0.5B,16,float32,11,2048,0.0001,5,0.0,False,,,True,1027.6312336333351,12.806685717633123,27.22242682521585,11.0,80.1,63.0,10273.0,76.6,200.75068162611373,24.0,14.0,64.0,1395781632.0,522180000000.0,0.0,0.0,419.9,-67.04,430.72,50,False
Qwen/Qwen2.5-0.5B,16,float32,11,2048,0.0001,5,5.0,False,,,True,1033.1355254001514,12.875282051073222,27.368238060747316,11.0,83.06,63.0,10279.0,74.76,202.2429017737659,24.0,14.0,64.0,1395781632.0,522180000000.0,0.0,0.0,419.3,-66.46,429.6,50,False
Qwen/Qwen2.5-0.5B,32,float16,11,512,0.0001,0,0.0,False,,,True,2093.602195503516,3.276021848877445,6.96364906777432,11.0,57.96,38.0,6269.0,60.44,131.7929094760376,24.0,14.0,64.0,1395781632.0,1044360000000.0,0.0,0.0,359.34,-57.18,365.48,50,False
Qwen/Qwen2.5-0.5B,32,float16,11,512,0.0001,0,5.0,False,,,True,2086.7331467268978,3.265273315119915,6.940801534841593,11.0,56.0,38.0,6287.0,58.88,129.039193423783,24.0,14.0,64.0,1395781632.0,1044360000000.0,0.0,0.0,355.6,-57.18,361.88,50,False
Qwen/Qwen2.5-0.5B,32,float16,11,512,0.0001,5,0.0,False,,,True,2089.79348525791,3.2700620643455762,6.950980700494137,11.0,57.24,35.0,5767.0,60.7,132.41116522378152,24.0,14.0,64.0,1395781632.0,1044360000000.0,0.0,0.0,360.92,-57.32,367.14,50,False
Qwen/Qwen2.5-0.5B,32,float16,11,512,0.0001,5,5.0,False,,,True,2092.4980179204654,3.2742940565132197,6.959976400056745,11.0,56.5,35.0,5773.0,59.26,130.64690780511356,24.0,14.0,64.0,1395781632.0,1044360000000.0,0.0,0.0,359.02,-57.18,365.08,50,False
Qwen/Qwen2.5-0.5B,32,float16,11,2048,0.0001,0,0.0,False,,,True,2092.859075489494,3.2748590313147274,6.961177334125967,11.0,56.74,38.0,6287.0,60.6,132.9008447912383,24.0,14.0,64.0,1395781632.0,1044360000000.0,0.0,0.0,359.34,-57.32,365.86,50,False
Qwen/Qwen2.5-0.5B,32,float16,11,2048,0.0001,0,5.0,False,,,True,2090.589207276518,3.2713071923475394,6.95362739665494,11.0,55.8,38.0,6289.0,59.18,130.48459544906592,24.0,14.0,64.0,1395781632.0,1044360000000.0,0.0,0.0,358.9,-57.3,365.24,50,False
Qwen/Qwen2.5-0.5B,32,float16,11,2048,0.0001,5,0.0,False,,,True,2090.860832891137,3.2717322260287784,6.954530866025618,11.0,58.56,35.0,5759.0,61.0,133.3931178137994,24.0,14.0,64.0,1395781632.0,1044360000000.0,0.0,0.0,361.02,-57.32,367.14,50,False
Qwen/Qwen2.5-0.5B,32,float16,11,2048,0.0001,5,5.0,False,,,True,2086.349768698144,3.264673413762688,6.939526359424662,11.0,57.48,35.0,5761.0,59.16,130.6721185581142,24.0,14.0,64.0,1395781632.0,1044360000000.0,0.0,0.0,357.12,-57.4,363.56,50,False
Qwen/Qwen2.5-0.5B,32,float32,11,512,0.0001,0,0.0,False,,,True,1509.4806562242325,18.811655123366876,39.98684096322898,11.0,88.62,64.0,10449.0,82.08,216.50248775564648,24.0,14.0,64.0,1395781632.0,1044360000000.0,0.0,0.0,443.84,-70.78,455.66,50,False
Qwen/Qwen2.5-0.5B,32,float32,11,512,0.0001,0,5.0,False,,,True,1513.762276407557,18.86501411271585,40.100263062829654,11.0,88.18,64.0,10493.0,79.62,215.28314671618963,24.0,14.0,64.0,1395781632.0,1044360000000.0,0.0,0.0,442.0,-69.8,453.26,50,False
Qwen/Qwen2.5-0.5B,32,float32,11,512,0.0001,5,0.0,False,,,True,1509.4341993912792,18.811076162705117,39.98561030023022,11.0,89.4,62.0,10109.0,82.0,216.45279178896214,24.0,14.0,64.0,1395781632.0,1044360000000.0,0.0,0.0,444.4,-69.84,455.5,50,False
Qwen/Qwen2.5-0.5B,32,float32,11,512,0.0001,5,5.0,False,,,True,1515.9786936437617,18.892635849029624,40.1589769808695,11.0,89.72,62.0,10115.0,79.72,216.5832544397944,24.0,14.0,64.0,1395781632.0,1044360000000.0,0.0,0.0,446.46,-70.06,457.38,50,False
Qwen/Qwen2.5-0.5B,32,float32,11,2048,0.0001,0,0.0,False,,,True,1509.8877333364496,18.816728255117237,39.99762462427086,11.0,88.94,64.0,10455.0,82.24,216.7847151893163,24.0,14.0,64.0,1395781632.0,1044360000000.0,0.0,0.0,441.98,-69.8,453.2,50,False
Qwen/Qwen2.5-0.5B,32,float32,11,2048,0.0001,0,5.0,False,,,True,1515.3839678659942,18.885224176559223,40.143222419859214,11.0,88.76,64.0,10489.0,80.1,217.2640047670091,24.0,14.0,64.0,1395781632.0,1044360000000.0,0.0,0.0,444.48,-70.38,455.92,50,False
Qwen/Qwen2.5-0.5B,32,float32,11,2048,0.0001,5,0.0,False,,,True,1507.9773045036543,18.79291984909885,39.94701648060664,11.0,89.66,62.0,10113.0,81.86,216.12560217864058,24.0,14.0,64.0,1395781632.0,1044360000000.0,0.0,0.0,445.32,-70.54,456.86,50,False
Qwen/Qwen2.5-0.5B,32,float32,11,2048,0.0001,5,5.0,False,,,True,1514.2940892597157,18.871641743168567,40.114351031333115,11.0,88.24,62.0,10103.0,80.18,217.52740638805332,24.0,14.0,64.0,1395781632.0,1044360000000.0,0.0,0.0,447.34,-70.24,458.32,50,False
Qwen/Qwen2.5-0.5B,64,float16,11,512,0.0001,0,0.0,False,,,True,4153.098807617538,6.49867604434267,13.814056025802481,11.0,74.44,39.0,6323.0,64.84,161.19742653376406,24.0,14.0,64.0,1395781632.0,2088750000000.0,0.0,0.0,384.2,-59.38,391.54,50,False
Qwen/Qwen2.5-0.5B,64,float16,11,512,0.0001,0,5.0,False,,,True,4169.387647593344,6.524164456500537,13.868236038955166,11.0,73.66,39.0,6321.0,63.66,161.51531826858022,24.0,14.0,64.0,1395781632.0,2088750000000.0,0.0,0.0,386.06,-59.56,393.32,50,False
Qwen/Qwen2.5-0.5B,64,float16,11,512,0.0001,5,0.0,False,,,True,4167.876185811011,6.521799354938596,13.863208607943,11.0,77.04,39.0,6413.0,65.16,161.65402056555925,24.0,14.0,64.0,1395781632.0,2088750000000.0,0.0,0.0,385.7,-59.68,393.38,50,False
Qwen/Qwen2.5-0.5B,64,float16,11,512,0.0001,5,5.0,False,,,True,4171.720021526503,6.527814103019435,13.87599399167391,11.0,75.52,39.0,6419.0,63.52,158.4651752261251,24.0,14.0,64.0,1395781632.0,2088750000000.0,0.0,0.0,382.1,-58.8,388.92,50,False
Qwen/Qwen2.5-0.5B,64,float16,11,2048,0.0001,0,0.0,False,,,True,4163.888151802721,6.515558968597158,13.84994359119881,11.0,76.8,39.0,6341.0,65.16,161.76819605176922,24.0,14.0,64.0,1395781632.0,2088750000000.0,0.0,0.0,384.58,-59.54,392.08,50,False
Qwen/Qwen2.5-0.5B,64,float16,11,2048,0.0001,0,5.0,False,,,True,4166.088025388246,6.519001281538188,13.857260820662356,11.0,76.16,39.0,6323.0,63.46,158.78133373631445,24.0,14.0,64.0,1395781632.0,2088750000000.0,0.0,0.0,382.54,-59.64,390.08,50,False
Qwen/Qwen2.5-0.5B,64,float16,11,2048,0.0001,5,0.0,False,,,True,4160.310507823183,6.509960751385864,13.838043615623205,11.0,72.3,39.0,6405.0,65.48,162.93778424592392,24.0,14.0,64.0,1395781632.0,2088750000000.0,0.0,0.0,386.78,-60.02,394.66,50,False
Qwen/Qwen2.5-0.5B,64,float16,11,2048,0.0001,5,5.0,False,,,True,4155.610858459149,6.502606845265732,13.82241162066626,11.0,75.32,39.0,6407.0,63.36,158.14471125151073,24.0,14.0,64.0,1395781632.0,2088750000000.0,0.0,0.0,382.76,-58.94,389.72,50,False
Qwen/Qwen2.5-0.5B,64,float32,11,512,0.0001,0,0.0,False,,,True,1925.9978711682102,24.002432605782946,51.02130749546722,11.0,98.7,71.92,11708.6,85.9,231.7775500451825,24.0,14.0,64.0,1395781632.0,2088750000000.0,0.0,0.0,455.62,-72.32,467.82,50,False
Qwen/Qwen2.5-0.5B,64,float32,11,512,0.0001,0,5.0,False,,,True,1936.8544376073883,24.13773078455431,51.30890709405987,11.0,98.32,72.0,11729.0,83.62,233.39079202724,24.0,14.0,64.0,1395781632.0,2088750000000.0,0.0,0.0,454.7,-73.1,467.64,50,False
Qwen/Qwen2.5-0.5B,64,float32,11,512,0.0001,5,0.0,False,,,True,1926.57936888312,24.009679425689384,51.036711860219874,11.0,98.04,70.0,11461.0,85.78,231.70507956209923,24.0,14.0,64.0,1395781632.0,2088750000000.0,0.0,0.0,452.88,-72.66,465.54,50,False
Qwen/Qwen2.5-0.5B,64,float32,11,512,0.0001,5,5.0,False,,,True,1939.8770629797302,24.17539975754656,51.3889789886733,11.0,98.48,70.0,11451.0,83.58,233.17923871624288,24.0,14.0,64.0,1395781632.0,2088750000000.0,0.0,0.0,452.8,-72.88,465.72,50,False
Qwen/Qwen2.5-0.5B,64,float32,11,2048,0.0001,0,0.0,False,,,True,1925.9814719661108,24.002228233416254,51.02087306677676,11.0,98.42,72.0,11733.0,85.8,232.19353462937218,24.0,14.0,64.0,1395781632.0,2088750000000.0,0.0,0.0,453.3,-72.18,465.72,50,False
Qwen/Qwen2.5-0.5B,64,float32,11,2048,0.0001,0,5.0,False,,,True,1938.295585961981,24.155690859575092,51.34708432906463,11.0,98.22,72.0,11757.0,83.78,233.50527339180337,24.0,14.0,64.0,1395781632.0,2088750000000.0,0.0,0.0,455.42,-72.38,467.88,50,False
Qwen/Qwen2.5-0.5B,64,float32,11,2048,0.0001,5,0.0,False,,,True,1927.4742364616955,24.0208315661291,51.0604176568761,11.0,98.76,70.0,11465.0,85.72,232.09182397642667,24.0,14.0,64.0,1395781632.0,2088750000000.0,0.0,0.0,455.4,-71.82,467.34,50,False
Qwen/Qwen2.5-0.5B,64,float32,11,2048,0.0001,5,5.0,False,,,True,1936.4545546435065,24.13274730869774,51.29831385718882,11.0,98.46,70.0,11455.0,83.98,233.40053875609402,24.0,14.0,64.0,1395781632.0,2088750000000.0,0.0,0.0,454.58,-72.68,467.32,50,False
Qwen/Qwen2.5-0.5B,128,float16,11,512,0.0001,0,0.0,False,,,True,6169.973280188823,9.654636069975727,20.4857481419335,11.0,87.76,58.0,9533.0,70.64,177.36618568005792,24.0,14.0,64.0,1395781632.0,4170000000000.0,0.0,0.0,404.82,-61.4,412.16,50,False
Qwen/Qwen2.5-0.5B,128,float16,11,512,0.0001,0,5.0,False,,,True,6182.223816377027,9.67380543476681,20.526422774960032,11.0,88.66,57.0,9305.0,69.48,176.5995992103579,24.0,14.0,64.0,1395781632.0,4170000000000.0,0.0,0.0,408.88,-61.3,415.98,50,False
Qwen/Qwen2.5-0.5B,128,float16,11,512,0.0001,5,0.0,False,,,True,6163.324841096046,9.644232741312981,20.463673775869562,11.0,88.08,57.0,9337.0,70.76,176.5795117604854,24.0,14.0,64.0,1395781632.0,4170000000000.0,0.0,0.0,406.26,-61.34,413.34,50,False
Qwen/Qwen2.5-0.5B,128,float16,11,512,0.0001,5,5.0,False,,,True,6188.88711229091,9.684232011050645,20.548546469129874,11.0,88.38,57.0,9333.0,69.38,177.31694406633895,24.0,14.0,64.0,1395781632.0,4170000000000.0,0.0,0.0,407.0,-61.58,414.2,50,False
Qwen/Qwen2.5-0.5B,128,float16,11,2048,0.0001,0,0.0,False,,,True,6164.081391970303,9.645416575185138,20.466185700956235,11.0,87.28,55.0,9081.0,70.8,176.91858283901746,24.0,14.0,64.0,1395781632.0,4170000000000.0,0.0,0.0,404.58,-61.22,411.86,50,False
Qwen/Qwen2.5-0.5B,128,float16,11,2048,0.0001,0,5.0,False,,,True,6183.072001206583,9.67513265540093,20.529238946117836,11.0,88.02,57.0,9347.0,69.46,177.08535714092702,24.0,14.0,64.0,1395781632.0,4170000000000.0,0.0,0.0,407.88,-61.14,414.84,50,False
Qwen/Qwen2.5-0.5B,128,float16,11,2048,0.0001,5,0.0,False,,,True,6160.923218722018,9.64047473638398,20.455699830302514,11.0,87.44,57.0,9335.0,71.28,177.9566249118897,24.0,14.0,64.0,1395781632.0,4170000000000.0,0.0,0.0,408.1,-61.7,415.36,50,False
Qwen/Qwen2.5-0.5B,128,float16,11,2048,0.0001,5,5.0,False,,,True,6169.805998136588,9.654374310765107,20.48519272656375,11.0,87.66,57.0,9335.0,69.2,177.01299804689333,24.0,14.0,64.0,1395781632.0,4170000000000.0,0.0,0.0,411.12,-61.32,418.04,50,False
Qwen/Qwen2.5-0.5B,128,float32,11,512,0.0001,0,0.0,False,,,True,2204.83560191089,27.477402095775755,58.30309240544093,11.0,100.0,88.0,14463.0,87.62,231.06715815872312,24.0,14.0,64.0,1395781632.0,4170000000000.0,0.0,0.0,459.68,-65.18,465.48,50,False
Qwen/Qwen2.5-0.5B,128,float32,11,512,0.0001,0,5.0,False,,,True,2228.1640421032025,27.768128955808255,58.919972957908605,11.0,100.0,88.0,14433.0,86.58,237.21085361584312,24.0,14.0,64.0,1395781632.0,4170000000000.0,0.0,0.0,463.12,-65.14,468.78,50,False
Qwen/Qwen2.5-0.5B,128,float32,11,512,0.0001,5,0.0,False,,,True,2206.435547397571,27.497341154012457,58.34540021717654,11.0,100.0,89.0,14525.0,87.56,231.6835254486429,24.0,14.0,64.0,1395781632.0,4170000000000.0,0.0,0.0,459.76,-64.9,465.18,50,False
Qwen/Qwen2.5-0.5B,128,float32,11,512,0.0001,5,5.0,False,,,True,2230.793370835729,27.800896533927457,58.989501042417,11.0,100.0,89.0,14515.0,86.44,237.24465384507127,24.0,14.0,64.0,1395781632.0,4170000000000.0,0.0,0.0,466.44,-64.94,472.0,50,False
Qwen/Qwen2.5-0.5B,128,float32,11,2048,0.0001,0,0.0,False,,,True,2206.18305189752,27.494194470252328,58.33872340714196,11.0,100.0,88.0,14471.0,87.66,231.075422366035,24.0,14.0,64.0,1395781632.0,4170000000000.0,0.0,0.0,458.52,-65.12,464.46,50,False
Qwen/Qwen2.5-0.5B,128,float32,11,2048,0.0001,0,5.0,False,,,True,2230.425199775642,27.796308262471175,58.9797653907799,11.0,100.0,88.0,14451.0,86.58,237.2293689623731,24.0,14.0,64.0,1395781632.0,4170000000000.0,0.0,0.0,465.3,-65.32,471.06,50,False
Qwen/Qwen2.5-0.5B,128,float32,11,2048,0.0001,5,0.0,False,,,True,2205.663394830313,27.48771832927602,58.32498196810576,11.0,100.0,89.0,14513.0,87.54,231.2974624731049,24.0,14.0,64.0,1395781632.0,4170000000000.0,0.0,0.0,460.56,-64.34,465.66,50,False
Qwen/Qwen2.5-0.5B,128,float32,11,2048,0.0001,5,5.0,False,,,True,2228.818778969076,27.776288506622357,58.93728635032625,11.0,100.0,89.0,14519.0,86.58,236.7641120328356,24.0,14.0,64.0,1395781632.0,4170000000000.0,0.0,0.0,464.94,-64.72,470.32,50,False
baseline,0,bfloat16,0,512,0.0001,0,0.0,False,,,True,0.0,0.0,0.0,0.0,0.04,4.0,579.0,31.96,20.0642,0.0,0.0,0.0,0.0,0.0,0.0,0.0,244.52,-55.34,250.4,50,False
gpt2,1,float16,11,512,0.0001,0,0.0,False,,,True,136.72527038292506,0.07867182358212618,0.1137054837265255,11.0,26.08,31.0,5149.0,68.64,77.79851316176206,12.0,12.0,64.0,513257472.0,8160000000.0,0.0,0.0,305.42,-54.02,309.82,50,False
gpt2,1,float16,11,512,0.0001,0,5.0,False,,,True,136.42307578589995,0.07849794058333563,0.1134541682035205,11.0,26.2,27.0,4385.0,60.72,72.36124104365658,12.0,12.0,64.0,513257472.0,8160000000.0,0.0,0.0,300.38,-54.0,304.76,50,False
gpt2,1,float16,11,512,0.0001,5,0.0,False,,,True,136.14982448719607,0.07834071158020393,0.11322692293268646,11.0,26.12,33.0,5399.0,60.38,71.49818061793421,12.0,12.0,64.0,513257472.0,8160000000.0,0.0,0.0,299.84,-54.0,304.38,50,False
gpt2,1,float16,11,512,0.0001,5,5.0,False,,,True,136.398794006538,0.07848396882919777,0.11343397463242455,11.0,26.06,35.0,5721.0,58.72,70.3852168623065,12.0,12.0,64.0,513257472.0,8160000000.0,0.0,0.0,299.16,-54.0,303.76,50,False
gpt2,1,float16,11,2048,0.0001,0,0.0,False,,,True,136.40915058735686,0.07848992801360322,0.11344258752474844,11.0,26.04,40.0,6589.0,60.4,72.16478945119052,12.0,12.0,64.0,513257472.0,8160000000.0,0.0,0.0,299.94,-54.0,304.5,50,False
gpt2,1,float16,11,2048,0.0001,0,5.0,False,,,True,136.5508904912371,0.07857148526107753,0.1135604633518645,11.0,26.02,36.0,5971.0,58.94,71.00962241943961,12.0,12.0,64.0,513257472.0,8160000000.0,0.0,0.0,299.22,-54.0,303.8,50,False
gpt2,1,float16,11,2048,0.0001,5,0.0,False,,,True,136.54111499019814,0.0785658604304152,0.11355233370566824,11.0,26.16,27.0,4367.0,60.5,72.32395548780062,12.0,12.0,64.0,513257472.0,8160000000.0,0.0,0.0,300.72,-54.04,305.32,50,False
gpt2,1,float16,11,2048,0.0001,5,5.0,False,,,True,136.9758710085607,0.07881601937091019,0.1139138919109106,11.0,26.36,31.0,5065.0,58.92,71.38373626208637,12.0,12.0,64.0,513257472.0,8160000000.0,0.0,0.0,299.76,-54.02,304.38,50,False
gpt2,1,float32,11,512,0.0001,0,0.0,False,,,True,148.86553774752758,0.6821995497519339,0.9859925227433648,11.0,31.58,34.0,5517.0,60.34,84.32828351653478,12.0,12.0,64.0,513257472.0,8160000000.0,0.0,0.0,309.68,-54.04,314.12,50,False
gpt2,1,float32,11,512,0.0001,0,5.0,False,,,True,148.8125561678251,0.6819567533978207,0.9856416057868935,11.0,31.22,50.0,8173.0,72.26,93.23240757819205,12.0,12.0,64.0,513257472.0,8160000000.0,0.0,0.0,317.42,-54.08,321.88,50,False
gpt2,1,float32,11,512,0.0001,5,0.0,False,,,True,148.25295242609135,0.679392281953142,0.9819351394455401,11.0,31.82,63.0,10267.0,72.08,92.55230607811745,12.0,12.0,64.0,513257472.0,8160000000.0,0.0,0.0,316.86,-54.08,321.22,50,False
gpt2,1,float32,11,512,0.0001,5,5.0,False,,,True,147.75732839450546,0.6771210075110509,0.9786524348207507,11.0,31.42,59.0,9747.0,70.2,90.99871670521185,12.0,12.0,64.0,513257472.0,8160000000.0,0.0,0.0,315.84,-54.1,320.2,50,False
gpt2,1,float32,11,2048,0.0001,0,0.0,False,,,True,149.1674836053285,0.6835832637488601,0.9879924238794486,11.0,31.38,61.0,9917.0,72.26,93.32823881569888,12.0,12.0,64.0,513257472.0,8160000000.0,0.0,0.0,317.72,-54.1,322.08,50,False
gpt2,1,float32,11,2048,0.0001,0,5.0,False,,,True,147.64026079858064,0.6765845269901805,0.9778770520425472,11.0,31.22,62.0,10199.0,70.08,91.85898791977174,12.0,12.0,64.0,513257472.0,8160000000.0,0.0,0.0,314.02,-54.06,318.42,50,False
gpt2,1,float32,11,2048,0.0001,5,0.0,False,,,True,149.1370124182407,0.6834436247805251,0.9877906017312046,11.0,31.72,50.0,8267.0,72.24,93.82612531160318,12.0,12.0,64.0,513257472.0,8160000000.0,0.0,0.0,318.78,-54.1,323.2,50,False
gpt2,1,float32,11,2048,0.0001,5,5.0,False,,,True,148.27412882395546,0.6794893260998723,0.9820753987041205,11.0,31.68,51.0,8417.0,70.22,91.14267891784706,12.0,12.0,64.0,513257472.0,8160000000.0,0.0,0.0,315.66,-54.06,320.1,50,False
gpt2,4,float16,11,512,0.0001,0,0.0,False,,,True,538.3907846875694,0.30979046311304725,0.44815600631224245,11.0,27.3,11.0,1831.0,56.16,69.87476961108982,12.0,12.0,64.0,513257472.0,32670000000.0,0.0,0.0,298.48,-54.0,303.14,50,False
gpt2,4,float16,11,512,0.0001,0,5.0,False,,,True,534.8145913673582,0.3077327187824252,0.4451791861998469,11.0,27.26,11.0,1831.0,51.58,68.60679551693279,12.0,12.0,64.0,513257472.0,32670000000.0,0.0,0.0,297.12,-54.0,301.74,50,False
gpt2,4,float16,11,512,0.0001,5,0.0,False,,,True,537.7251295521642,0.309407444646655,0.4476019155745313,11.0,27.32,11.0,1879.0,51.84,68.68899992101548,12.0,12.0,64.0,513257472.0,32670000000.0,0.0,0.0,297.64,-54.0,302.22,50,False
gpt2,4,float16,11,512,0.0001,5,5.0,False,,,True,528.9794075690854,0.3043751496288862,0.44032198443951337,11.0,26.86,11.0,1857.0,50.72,68.07520555089673,12.0,12.0,64.0,513257472.0,32670000000.0,0.0,0.0,296.3,-54.0,300.84,50,False
gpt2,4,float16,11,2048,0.0001,0,0.0,False,,,True,531.1897904313892,0.30564700559307684,0.44216190515168874,11.0,26.74,12.0,1887.0,51.96,69.18452941359077,12.0,12.0,64.0,513257472.0,32670000000.0,0.0,0.0,297.16,-54.02,301.68,50,False
gpt2,4,float16,11,2048,0.0001,0,5.0,False,,,True,813.1314443719981,0.46787644567497794,0.6768498850293818,11.0,35.7,12.0,1907.0,54.98,98.61711062789159,12.0,12.0,64.0,513257472.0,32670000000.0,0.0,0.0,330.46,-55.14,335.18,50,False
gpt2,4,float16,11,2048,0.0001,5,0.0,False,,,True,533.250296128477,0.30683262212349044,0.4438770682459575,11.0,27.12,11.0,1883.0,51.9,68.84346862767978,12.0,12.0,64.0,513257472.0,32670000000.0,0.0,0.0,297.68,-54.0,302.36,50,False
gpt2,4,float16,11,2048,0.0001,5,5.0,False,,,True,534.3405911482022,0.3074599786992285,0.4447846288425337,11.0,27.24,11.0,1831.0,50.78,68.15245399173017,12.0,12.0,64.0,513257472.0,32670000000.0,0.0,0.0,296.28,-54.0,301.0,50,False
gpt2,4,float32,11,512,0.0001,0,0.0,False,,,True,593.9357550618911,2.7218032515489052,3.9374758761915545,11.0,32.3,19.0,3103.0,56.98,107.40205012260736,12.0,12.0,64.0,513257472.0,32670000000.0,0.0,0.0,330.2,-55.14,335.18,50,False
gpt2,4,float32,11,512,0.0001,0,5.0,False,,,True,593.8309998442596,2.7213231944222955,3.9367814052175247,11.0,32.2,18.0,2971.0,62.92,113.63664277722857,12.0,12.0,64.0,513257472.0,32670000000.0,0.0,0.0,334.5,-55.26,339.38,50,False
gpt2,4,float32,11,512,0.0001,5,0.0,False,,,True,593.267565068584,2.7187411666669368,3.9330461344948535,11.0,32.06,19.0,3109.0,63.8,115.18171538413651,12.0,12.0,64.0,513257472.0,32670000000.0,0.0,0.0,336.4,-55.28,341.2,50,False
gpt2,4,float32,11,512,0.0001,5,5.0,False,,,True,592.9167356096133,2.717133435941808,3.9307203231262315,11.0,32.28,18.0,2971.0,61.74,111.43353899053182,12.0,12.0,64.0,513257472.0,32670000000.0,0.0,0.0,333.68,-55.34,338.6,50,False
gpt2,4,float32,11,2048,0.0001,0,0.0,False,,,True,593.9198638071102,2.721730427394837,3.93737052568553,11.0,31.92,18.0,2985.0,63.82,113.44241920300664,12.0,12.0,64.0,513257472.0,32670000000.0,0.0,0.0,337.22,-55.44,342.06,50,False
gpt2,4,float32,11,2048,0.0001,0,5.0,False,,,True,592.1358564855168,2.7135549355384927,3.925543512861574,11.0,31.92,19.0,3117.0,61.44,110.8698156552002,12.0,12.0,64.0,513257472.0,32670000000.0,0.0,0.0,332.98,-55.1,337.74,50,False
gpt2,4,float32,11,2048,0.0001,5,0.0,False,,,True,592.2175361932032,2.713929245541,3.926085005566548,11.0,32.48,18.0,2955.0,63.52,112.2481143517729,12.0,12.0,64.0,513257472.0,32670000000.0,0.0,0.0,334.88,-55.1,339.38,50,False
gpt2,4,float32,11,2048,0.0001,5,5.0,False,,,True,591.3358457187467,2.709888761398089,3.9202398700550845,11.0,31.98,18.0,2971.0,61.82,112.38580473380081,12.0,12.0,64.0,513257472.0,32670000000.0,0.0,0.0,334.12,-55.14,338.84,50,False
gpt2,8,float16,11,512,0.0001,0,0.0,False,,,True,1075.3593526715592,0.6187625816634091,0.895539147015642,11.0,29.5,12.0,1973.0,50.72,69.33384593408802,12.0,12.0,64.0,513257472.0,65370000000.0,0.0,0.0,298.12,-54.0,302.76,50,False
gpt2,8,float16,11,512,0.0001,0,5.0,False,,,True,1071.9506165442365,0.6168011923277312,0.8927004153523331,11.0,29.0,12.0,1973.0,48.34,70.3807689903516,12.0,12.0,64.0,513257472.0,65370000000.0,0.0,0.0,297.86,-54.0,302.56,50,False
gpt2,8,float16,11,512,0.0001,5,0.0,False,,,True,1077.0721715903724,0.6197481389596688,0.8969655505613361,11.0,29.5,12.0,1921.0,48.5,68.7050870789472,12.0,12.0,64.0,513257472.0,65370000000.0,0.0,0.0,297.28,-54.0,301.9,50,False
gpt2,8,float16,11,512,0.0001,5,5.0,False,,,True,1057.4222869436123,0.6084415805304226,0.8806014943118622,11.0,28.6,12.0,1919.0,47.64,68.8438589681548,12.0,12.0,64.0,513257472.0,65370000000.0,0.0,0.0,296.1,-54.0,300.66,50,False
gpt2,8,float16,11,2048,0.0001,0,0.0,False,,,True,1074.6560239315145,0.6183578857765254,0.8949534280014665,11.0,29.12,12.0,1933.0,48.66,69.14969470818097,12.0,12.0,64.0,513257472.0,65370000000.0,0.0,0.0,298.0,-54.0,302.46,50,False
gpt2,8,float16,11,2048,0.0001,0,5.0,False,,,True,1076.10535742993,0.6191918333633882,0.8961604058193351,11.0,29.04,12.0,1933.0,50.5,69.70166818122618,12.0,12.0,64.0,513257472.0,65370000000.0,0.0,0.0,298.3,-54.0,302.8,50,False
gpt2,8,float16,11,2048,0.0001,5,0.0,False,,,True,1071.2409870282129,0.6163928709696024,0.8921094491698212,11.0,29.28,11.0,1881.0,48.52,68.90244717578439,12.0,12.0,64.0,513257472.0,65370000000.0,0.0,0.0,297.54,-54.0,302.06,50,False
gpt2,8,float16,11,2048,0.0001,5,5.0,False,,,True,1072.6316445271386,0.6171930563421546,0.8932675627132474,11.0,28.92,12.0,1955.0,47.82,69.26398718426886,12.0,12.0,64.0,513257472.0,65370000000.0,0.0,0.0,297.48,-54.0,301.96,50,False
gpt2,8,float32,11,512,0.0001,0,0.0,False,,,True,1187.6684719825796,5.4426760491418,7.877220780590627,11.0,36.48,19.0,3111.0,59.12,127.65892358649043,12.0,12.0,64.0,513257472.0,65370000000.0,0.0,0.0,347.4,-56.22,352.86,50,False
gpt2,8,float32,11,512,0.0001,0,5.0,False,,,True,1185.0903303423424,5.430861312885318,7.86012123523528,11.0,36.48,18.0,2999.0,61.78,130.75733052121367,12.0,12.0,64.0,513257472.0,65370000000.0,0.0,0.0,350.48,-56.36,356.14,50,False
gpt2,8,float32,11,512,0.0001,5,0.0,False,,,True,1187.9231960938816,5.443843362118803,7.878910240326404,11.0,36.74,19.0,3115.0,62.98,132.35045098716446,12.0,12.0,64.0,513257472.0,65370000000.0,0.0,0.0,353.02,-56.22,358.4,50,False
gpt2,8,float32,11,512,0.0001,5,5.0,False,,,True,1187.725452681793,5.442937172084935,7.877598705540667,11.0,36.62,19.0,3107.0,60.86,129.16297597309458,12.0,12.0,64.0,513257472.0,65370000000.0,0.0,0.0,348.98,-56.42,354.62,50,False
gpt2,8,float32,11,2048,0.0001,0,0.0,False,,,True,1192.8873648687243,5.466592439939848,7.911835130019126,11.0,36.82,18.0,3003.0,62.98,132.13477020852258,12.0,12.0,64.0,513257472.0,65370000000.0,0.0,0.0,351.76,-56.4,357.3,50,False
gpt2,8,float32,11,2048,0.0001,0,5.0,False,,,True,1186.250342734382,5.436177250633772,7.867815026841168,11.0,36.7,18.0,2997.0,60.7,129.45915384583643,12.0,12.0,64.0,513257472.0,65370000000.0,0.0,0.0,349.6,-56.38,355.12,50,False
gpt2,8,float32,11,2048,0.0001,5,0.0,False,,,True,1191.1298328438877,5.45853827526104,7.9001782845987165,11.0,36.92,19.0,3101.0,62.84,132.5274482308955,12.0,12.0,64.0,513257472.0,65370000000.0,0.0,0.0,351.86,-56.3,357.4,50,False
gpt2,8,float32,11,2048,0.0001,5,5.0,False,,,True,1182.2142823157749,5.417681374140079,7.841045823354526,11.0,36.76,19.0,3107.0,60.7,126.98640401023596,12.0,12.0,64.0,513257472.0,65370000000.0,0.0,0.0,346.4,-56.14,351.96,50,False
gpt2,16,float16,11,512,0.0001,0,0.0,False,,,True,2178.979041916161,1.2537861822812453,1.8141965868888945,11.0,31.6,12.0,1965.0,50.04,81.20940953074508,12.0,12.0,64.0,513257472.0,130710000000.0,0.0,0.0,308.66,-54.02,313.2,50,False
gpt2,16,float16,11,512,0.0001,0,5.0,False,,,True,2177.983369830954,1.2532132718133144,1.8133676000726404,11.0,31.46,12.0,1965.0,48.08,79.01556009997046,12.0,12.0,64.0,513257472.0,130710000000.0,0.0,0.0,305.78,-54.0,310.24,50,False
gpt2,16,float16,11,512,0.0001,5,0.0,False,,,True,2191.0285864376287,1.2607194992765816,1.8242289195198635,11.0,31.7,12.0,1915.0,48.64,79.37231087528386,12.0,12.0,64.0,513257472.0,130710000000.0,0.0,0.0,306.38,-54.02,310.96,50,False
gpt2,16,float16,11,512,0.0001,5,5.0,False,,,True,2163.2311176302665,1.2447248147832344,1.8010850195261676,11.0,31.64,12.0,1911.0,47.82,76.63098073981686,12.0,12.0,64.0,513257472.0,130710000000.0,0.0,0.0,304.2,-54.02,308.7,50,False
gpt2,16,float16,11,2048,0.0001,0,0.0,False,,,True,2154.9834771448,1.239979116234428,1.794218114920485,11.0,31.82,12.0,1995.0,48.04,76.45742686912193,12.0,12.0,64.0,513257472.0,130710000000.0,0.0,0.0,303.9,-54.04,308.48,50,False
gpt2,16,float16,11,2048,0.0001,0,5.0,False,,,True,2172.619122734741,1.250126679992927,1.8089013805331353,11.0,31.36,12.0,1995.0,49.04,78.67906308297363,12.0,12.0,64.0,513257472.0,130710000000.0,0.0,0.0,305.76,-54.02,310.32,50,False
gpt2,16,float16,11,2048,0.0001,5,0.0,False,,,True,2202.7347752457677,1.2674552491357969,1.8339753775502845,11.0,31.78,12.0,1915.0,48.76,79.91587455825209,12.0,12.0,64.0,513257472.0,130710000000.0,0.0,0.0,307.34,-54.04,311.84,50,False
gpt2,16,float16,11,2048,0.0001,5,5.0,False,,,True,2232.869055046489,1.2847945364351903,1.8590648834662056,11.0,31.44,12.0,1947.0,48.84,84.77212030407627,12.0,12.0,64.0,513257472.0,130710000000.0,0.0,0.0,311.18,-54.12,315.54,50,False
gpt2,16,float32,11,512,0.0001,0,0.0,False,,,True,2381.751995129295,10.914750070991236,15.793364614618008,11.0,46.14,20.0,3317.0,63.3,150.8568896876289,12.0,12.0,64.0,513257472.0,130710000000.0,0.0,0.0,369.86,-57.98,376.24,50,False
gpt2,16,float32,11,512,0.0001,0,5.0,False,,,True,2365.875842185123,10.841995123444706,15.688090063515492,11.0,45.86,20.0,3225.0,64.6,155.10721226012842,12.0,12.0,64.0,513257472.0,130710000000.0,0.0,0.0,372.96,-58.48,379.78,50,False
gpt2,16,float32,11,512,0.0001,5,0.0,False,,,True,2385.934266587939,10.93391598238482,15.82109719895036,11.0,46.32,19.0,3153.0,65.9,155.90292690434143,12.0,12.0,64.0,513257472.0,130710000000.0,0.0,0.0,373.98,-58.48,380.9,50,False
gpt2,16,float32,11,512,0.0001,5,5.0,False,,,True,2361.646631958025,10.822614107822238,15.660046228857215,11.0,45.88,19.0,3145.0,63.64,151.32627027654286,12.0,12.0,64.0,513257472.0,130710000000.0,0.0,0.0,369.66,-57.98,376.1,50,False
gpt2,16,float32,11,2048,0.0001,0,0.0,False,,,True,2363.6289181227257,10.831698243408619,15.673190741062372,11.0,45.78,20.0,3229.0,65.88,154.97058550563705,12.0,12.0,64.0,513257472.0,130710000000.0,0.0,0.0,372.24,-58.22,378.86,50,False
gpt2,16,float32,11,2048,0.0001,0,5.0,False,,,True,2362.270873035937,10.825474789943376,15.664185562831133,11.0,45.48,20.0,3223.0,63.64,152.03010448943039,12.0,12.0,64.0,513257472.0,130710000000.0,0.0,0.0,369.42,-58.02,376.14,50,False
gpt2,16,float32,11,2048,0.0001,5,0.0,False,,,True,2466.7509800373095,11.304271179173856,16.356991710667447,11.0,47.8,19.0,3139.0,66.12,158.00864145913937,12.0,12.0,64.0,513257472.0,130710000000.0,0.0,0.0,375.4,-58.94,382.3,50,False
gpt2,16,float32,11,2048,0.0001,5,5.0,False,,,True,2365.7721407721706,10.841519895542431,15.687402420877149,11.0,46.02,19.0,3145.0,63.36,149.51533521743954,12.0,12.0,64.0,513257472.0,130710000000.0,0.0,0.0,367.28,-58.06,373.86,50,False
gpt2,32,float16,11,512,0.0001,0,0.0,False,,,True,4420.2347513179575,2.5434064059506762,3.680244116545876,11.0,39.92,13.0,2061.0,53.3,108.52667516150302,12.0,12.0,64.0,513257472.0,261420000000.0,0.0,0.0,333.02,-55.18,337.7,50,False
gpt2,32,float16,11,512,0.0001,0,5.0,False,,,True,4408.844563914278,2.5368524835376514,3.670760758186629,11.0,39.84,13.0,2061.0,52.0,107.58819138894837,12.0,12.0,64.0,513257472.0,261420000000.0,0.0,0.0,331.32,-55.02,335.94,50,False
gpt2,32,float16,11,512,0.0001,5,0.0,False,,,True,4419.300921239008,2.5428690794197353,3.6794666187777123,11.0,40.64,12.0,2025.0,52.14,106.5923577216356,12.0,12.0,64.0,513257472.0,261420000000.0,0.0,0.0,330.02,-54.94,334.6,50,False
gpt2,32,float16,11,512,0.0001,5,5.0,False,,,True,4454.661125012815,2.563215367310262,3.7089071777569877,11.0,40.92,13.0,2081.0,51.74,107.79550830846546,12.0,12.0,64.0,513257472.0,261420000000.0,0.0,0.0,331.22,-55.14,335.96,50,False
gpt2,32,float16,11,2048,0.0001,0,0.0,False,,,True,4420.087801740826,2.5433218510532885,3.680121767768697,11.0,40.12,13.0,2187.0,52.02,107.42285491867764,12.0,12.0,64.0,513257472.0,261420000000.0,0.0,0.0,330.92,-54.9,335.5,50,False
gpt2,32,float16,11,2048,0.0001,0,5.0,False,,,True,4408.4437833585225,2.5366218741039357,3.670427072225288,11.0,39.82,13.0,2187.0,52.34,107.49963447544556,12.0,12.0,64.0,513257472.0,261420000000.0,0.0,0.0,330.74,-54.86,335.26,50,False
gpt2,32,float16,11,2048,0.0001,5,0.0,False,,,True,4433.789585618,2.5512058678186347,3.691529738688142,11.0,39.92,13.0,2065.0,52.38,107.55768991485539,12.0,12.0,64.0,513257472.0,261420000000.0,0.0,0.0,331.42,-55.14,336.02,50,False
gpt2,32,float16,11,2048,0.0001,5,5.0,False,,,True,4499.565836237048,2.589053571978243,3.7462944000620695,11.0,41.16,13.0,2119.0,52.44,108.61218544486566,12.0,12.0,64.0,513257472.0,261420000000.0,0.0,0.0,333.62,-55.1,338.3,50,False
gpt2,32,float32,11,512,0.0001,0,0.0,False,,,True,4726.517654509076,21.660004488541944,31.34147334724439,11.0,69.94,21.0,3377.0,71.68,200.28452580127893,12.0,12.0,64.0,513257472.0,261420000000.0,0.0,0.0,414.12,-63.56,422.38,50,False
gpt2,32,float32,11,512,0.0001,0,5.0,False,,,True,4684.1683302308775,21.465932103542514,31.060655562321326,11.0,68.92,20.0,3245.0,71.18,198.25493137792157,12.0,12.0,64.0,513257472.0,261420000000.0,0.0,0.0,408.96,-63.02,417.02,50,False
gpt2,32,float32,11,512,0.0001,5,0.0,False,,,True,4720.542757701005,21.63262359183506,31.30185388895588,11.0,69.82,19.0,3099.0,72.96,200.45537807228894,12.0,12.0,64.0,513257472.0,261420000000.0,0.0,0.0,414.38,-63.74,422.76,50,False
gpt2,32,float32,11,512,0.0001,5,5.0,False,,,True,4706.075185280376,21.566323684276227,31.205919615868403,11.0,69.66,19.0,3159.0,70.92,199.6373477058989,12.0,12.0,64.0,513257472.0,261420000000.0,0.0,0.0,409.3,-63.9,418.2,50,False
gpt2,32,float32,11,2048,0.0001,0,0.0,False,,,True,4683.914916334097,21.464770794827945,31.058975178268557,11.0,69.24,20.0,3269.0,72.78,198.6523885687772,12.0,12.0,64.0,513257472.0,261420000000.0,0.0,0.0,409.46,-63.68,418.28,50,False
gpt2,32,float32,11,2048,0.0001,0,5.0,False,,,True,4699.044068199096,21.534102493396993,31.159296375522715,11.0,69.16,20.0,3283.0,70.6,198.50313098309547,12.0,12.0,64.0,513257472.0,261420000000.0,0.0,0.0,412.76,-63.22,420.84,50,False
gpt2,32,float32,11,2048,0.0001,5,0.0,False,,,True,4712.3670794764585,21.59515727096527,31.247641079462657,11.0,69.68,19.0,3153.0,72.98,200.64536088917615,12.0,12.0,64.0,513257472.0,261420000000.0,0.0,0.0,413.86,-63.64,422.14,50,False
gpt2,32,float32,11,2048,0.0001,5,5.0,False,,,True,4686.258089343913,21.475508750680415,31.0745127261639,11.0,69.14,19.0,3159.0,70.48,199.21818184051384,12.0,12.0,64.0,513257472.0,261420000000.0,0.0,0.0,411.22,-63.3,419.32,50,False
gpt2,64,float16,11,512,0.0001,0,0.0,False,,,True,8856.548478332777,5.096064666630636,7.374298535699046,11.0,58.98,17.0,2721.0,58.44,132.46310994238686,12.0,12.0,64.0,513257472.0,522870000000.0,0.0,0.0,353.88,-56.88,359.88,50,False
gpt2,64,float16,11,512,0.0001,0,5.0,False,,,True,8877.983425455706,5.108398351353471,7.392146086533111,11.0,58.66,17.0,2721.0,57.06,131.32983436334402,12.0,12.0,64.0,513257472.0,522870000000.0,0.0,0.0,352.9,-56.76,358.8,50,False
gpt2,64,float16,11,512,0.0001,5,0.0,False,,,True,8920.079652680726,5.132620552212497,7.427197003664472,11.0,61.26,16.0,2581.0,57.46,130.2735675281675,12.0,12.0,64.0,513257472.0,522870000000.0,0.0,0.0,351.44,-56.8,357.24,50,False
gpt2,64,float16,11,512,0.0001,5,5.0,False,,,True,8959.335231384313,5.155208241772251,7.459882688980834,11.0,59.72,16.0,2587.0,57.26,132.6845013586951,12.0,12.0,64.0,513257472.0,522870000000.0,0.0,0.0,354.5,-56.98,360.54,50,False
gpt2,64,float16,11,2048,0.0001,0,0.0,False,,,True,8972.021734325484,5.162508065122146,7.47044595302112,11.0,60.24,15.0,2511.0,58.06,134.6356491602364,12.0,12.0,64.0,513257472.0,522870000000.0,0.0,0.0,356.94,-57.12,363.0,50,False
gpt2,64,float16,11,2048,0.0001,0,5.0,False,,,True,8839.654922339123,5.086344101784904,7.360232319550449,11.0,58.76,15.0,2511.0,57.2,130.6599237517651,12.0,12.0,64.0,513257472.0,522870000000.0,0.0,0.0,349.92,-56.58,355.68,50,False
gpt2,64,float16,11,2048,0.0001,5,0.0,False,,,True,8845.171054055885,5.089518088130379,7.364825260258804,11.0,58.78,16.0,2593.0,57.7,130.6194714618305,12.0,12.0,64.0,513257472.0,522870000000.0,0.0,0.0,351.8,-56.84,357.7,50,False
gpt2,64,float16,11,2048,0.0001,5,5.0,False,,,True,10813.10383799763,6.221868094578657,9.003400816241944,11.0,71.4,17.0,2719.0,59.14,145.20646210331415,12.0,12.0,64.0,513257472.0,522870000000.0,0.0,0.0,371.72,-58.06,378.18,50,False
gpt2,64,float32,11,512,0.0001,0,0.0,False,,,True,6714.0551459800945,30.768205099056548,44.52336158404286,11.0,84.22,23.0,3727.0,79.88,222.1001034943765,12.0,12.0,64.0,513257472.0,522870000000.0,0.0,0.0,442.84,-67.22,452.1,50,False
gpt2,64,float32,11,512,0.0001,0,5.0,False,,,True,6721.783079007169,30.803619557710675,44.57460834162538,11.0,83.5,23.0,3843.0,78.44,220.3053048269758,12.0,12.0,64.0,513257472.0,522870000000.0,0.0,0.0,443.44,-67.18,452.84,50,False
gpt2,64,float32,11,512,0.0001,5,0.0,False,,,True,6688.885234574301,30.652860053533324,44.356450672203025,11.0,82.14,24.0,3951.0,80.54,220.30982506322778,12.0,12.0,64.0,513257472.0,522870000000.0,0.0,0.0,439.24,-67.32,449.02,50,False
gpt2,64,float32,11,512,0.0001,5,5.0,False,,,True,6715.761357611333,30.77602408002572,44.53467609900362,11.0,83.32,24.0,3931.0,78.56,222.60347508393588,12.0,12.0,64.0,513257472.0,522870000000.0,0.0,0.0,439.46,-67.5,449.42,50,False
gpt2,64,float32,11,2048,0.0001,0,0.0,False,,,True,6715.841661258826,30.77639208401773,44.53520862193591,11.0,83.5,23.0,3719.0,80.48,222.13561777332038,12.0,12.0,64.0,513257472.0,522870000000.0,0.0,0.0,441.0,-67.6,451.04,50,False
gpt2,64,float32,11,2048,0.0001,0,5.0,False,,,True,6702.3498685605955,30.714563839258425,44.445739597380765,11.0,83.94,23.0,3841.0,78.12,220.0536919564615,12.0,12.0,64.0,513257472.0,522870000000.0,0.0,0.0,442.68,-66.96,451.64,50,False
gpt2,64,float32,11,2048,0.0001,5,0.0,False,,,True,6686.296372300293,30.640996188300168,44.33928297717956,11.0,84.76,24.0,3945.0,80.42,219.26824672722307,12.0,12.0,64.0,513257472.0,522870000000.0,0.0,0.0,440.7,-67.3,450.28,50,False
gpt2,64,float32,11,2048,0.0001,5,5.0,False,,,True,6726.319575136299,30.824408758915816,44.60469151090094,11.0,84.88,24.0,3931.0,78.14,220.75455552332406,12.0,12.0,64.0,513257472.0,522870000000.0,0.0,0.0,438.3,-67.06,447.76,50,False
gpt2,128,float16,11,512,0.0001,0,0.0,False,,,True,14743.600218274574,8.483478672881454,12.27572916474399,11.0,81.82,23.0,3821.0,65.08,160.98634531906,12.0,12.0,64.0,513257472.0,1045710000000.0,0.0,0.0,386.14,-59.02,392.94,50,False
gpt2,128,float16,11,512,0.0001,0,5.0,False,,,True,14716.830433052273,8.468075318297169,12.253440264589194,11.0,81.7,23.0,3815.0,64.28,163.55296428027526,12.0,12.0,64.0,513257472.0,1045710000000.0,0.0,0.0,390.38,-59.48,397.16,50,False
gpt2,128,float16,11,512,0.0001,5,0.0,False,,,True,14715.477651179544,8.467296926588466,12.25231391935175,11.0,82.16,23.0,3771.0,64.88,163.2318860369195,12.0,12.0,64.0,513257472.0,1045710000000.0,0.0,0.0,386.68,-59.36,393.8,50,False
gpt2,128,float16,11,512,0.0001,5,5.0,False,,,True,14732.275859386034,8.476962628245632,12.266300344060978,11.0,81.72,23.0,3763.0,63.78,159.66104717030152,12.0,12.0,64.0,513257472.0,1045710000000.0,0.0,0.0,381.64,-59.36,388.86,50,False
gpt2,128,float16,11,2048,0.0001,0,0.0,False,,,True,14729.0511167189,8.47510710888556,12.263615377904703,11.0,82.08,23.0,3817.0,65.08,162.37201514822448,12.0,12.0,64.0,513257472.0,1045710000000.0,0.0,0.0,387.3,-59.34,394.3,50,False
gpt2,128,float16,11,2048,0.0001,0,5.0,False,,,True,14763.733416998699,8.495063330594926,12.292492349522355,11.0,81.98,23.0,3805.0,64.14,162.56050891156102,12.0,12.0,64.0,513257472.0,1045710000000.0,0.0,0.0,385.84,-59.2,392.74,50,False
gpt2,128,float16,11,2048,0.0001,5,0.0,False,,,True,14722.250278913521,8.471193901688844,12.257952904576872,11.0,82.04,23.0,3773.0,64.42,159.2448910967198,12.0,12.0,64.0,513257472.0,1045710000000.0,0.0,0.0,383.18,-59.02,390.0,50,False
gpt2,128,float16,11,2048,0.0001,5,5.0,False,,,True,14755.240090910453,8.49017626436519,12.285420686616174,11.0,82.54,23.0,3767.0,65.06,161.00105431098717,12.0,12.0,64.0,513257472.0,1045710000000.0,0.0,0.0,391.34,-59.46,398.22,50,False
gpt2,128,float32,11,512,0.0001,0,0.0,False,,,True,7775.060278959402,35.630426637734985,51.55779654722147,11.0,89.48,29.0,4715.0,85.16,229.86873222807108,12.0,12.0,64.0,513257472.0,1045710000000.0,0.0,0.0,453.78,-67.6,462.88,50,False
gpt2,128,float32,11,512,0.0001,0,5.0,False,,,True,7837.574680240621,35.91690863385276,51.97234057220488,11.0,89.7,29.0,4671.0,83.4,232.03912349588592,12.0,12.0,64.0,513257472.0,1045710000000.0,0.0,0.0,450.4,-67.34,459.44,50,False
gpt2,128,float32,11,512,0.0001,5,0.0,False,,,True,7770.773250011407,35.61078065880427,51.529368501860716,11.0,89.66,29.0,4745.0,85.46,229.68563243017988,12.0,12.0,64.0,513257472.0,1045710000000.0,0.0,0.0,452.96,-66.98,461.5,50,False
gpt2,128,float32,11,512,0.0001,5,5.0,False,,,True,7837.452555354031,35.91634897750848,51.97153074053408,11.0,89.7,29.0,4745.0,83.52,233.1953077838641,12.0,12.0,64.0,513257472.0,1045710000000.0,0.0,0.0,456.8,-67.1,465.4,50,False
gpt2,128,float32,11,2048,0.0001,0,0.0,False,,,True,7786.823552484009,35.68433367373216,51.63580088948391,11.0,90.06,29.0,4693.0,85.38,229.12622806472783,12.0,12.0,64.0,513257472.0,1045710000000.0,0.0,0.0,451.06,-67.72,460.36,50,False
gpt2,128,float32,11,2048,0.0001,0,5.0,False,,,True,7845.713579006715,35.9542064071166,52.02631104595623,11.0,89.62,29.0,4685.0,83.06,233.77253149644858,12.0,12.0,64.0,513257472.0,1045710000000.0,0.0,0.0,449.62,-66.86,458.26,50,False
gpt2,128,float32,11,2048,0.0001,5,0.0,False,,,True,7784.624198561517,35.674254791283126,51.621216585568206,11.0,89.84,29.0,4751.0,85.48,229.2833514814357,12.0,12.0,64.0,513257472.0,1045710000000.0,0.0,0.0,452.56,-67.38,461.22,50,False
gpt2,128,float32,11,2048,0.0001,5,5.0,False,,,True,7841.999620246865,35.93718661172202,52.001683130126,11.0,89.46,29.0,4777.0,83.32,232.85228064916376,12.0,12.0,64.0,513257472.0,1045710000000.0,0.0,0.0,452.98,-67.7,462.4,50,False
microsoft/DialoGPT-medium,1,float16,11,512,0.0001,0,0.0,False,,,True,86.62465893732075,0.1769076970850486,0.2063206562744787,11.0,37.98,23.0,3743.0,61.88,107.05842692010336,24.0,16.0,64.0,1821671424.0,23370000000.0,0.0,0.0,335.56,-55.56,340.76,50,False
microsoft/DialoGPT-medium,1,float16,11,512,0.0001,0,5.0,False,,,True,86.70659677578307,0.17707503320485934,0.20651581396759577,11.0,37.56,22.0,3625.0,60.26,104.53747985878395,24.0,16.0,64.0,1821671424.0,23370000000.0,0.0,0.0,333.68,-55.66,338.98,50,False
microsoft/DialoGPT-medium,1,float16,11,512,0.0001,5,0.0,False,,,True,87.10796974020093,0.17789473013271379,0.2074717950294023,11.0,37.92,22.0,3665.0,61.66,107.03703526040584,24.0,16.0,64.0,1821671424.0,23370000000.0,0.0,0.0,335.86,-55.68,341.12,50,False
microsoft/DialoGPT-medium,1,float16,11,512,0.0001,5,5.0,False,,,True,87.05875341755004,0.1777942189571897,0.20735457270364285,11.0,37.8,23.0,3745.0,60.0,104.42128822482157,24.0,16.0,64.0,1821671424.0,23370000000.0,0.0,0.0,333.54,-55.62,338.76,50,False
microsoft/DialoGPT-medium,1,float16,11,2048,0.0001,0,0.0,False,,,True,86.587371650879,0.17683154777541926,0.20623184625774993,11.0,37.08,23.0,3735.0,61.68,106.17022078252134,24.0,16.0,64.0,1821671424.0,23370000000.0,0.0,0.0,336.38,-55.68,341.56,50,False
microsoft/DialoGPT-medium,1,float16,11,2048,0.0001,0,5.0,False,,,True,87.00823318786604,0.17769104490029594,0.20723424476156027,11.0,37.82,23.0,3749.0,60.8,108.70369102620629,24.0,16.0,64.0,1821671424.0,23370000000.0,0.0,0.0,336.52,-55.66,341.88,50,False
microsoft/DialoGPT-medium,1,float16,11,2048,0.0001,5,0.0,False,,,True,86.98143929016481,0.17763632553058753,0.20717042766114468,11.0,37.58,22.0,3671.0,61.86,110.27456198679243,24.0,16.0,64.0,1821671424.0,23370000000.0,0.0,0.0,340.3,-55.66,345.48,50,False
microsoft/DialoGPT-medium,1,float16,11,2048,0.0001,5,5.0,False,,,True,97.74077323531418,0.19960938740183387,0.23279676625655235,11.0,42.68,22.0,3667.0,61.28,109.63981726880104,24.0,16.0,64.0,1821671424.0,23370000000.0,0.0,0.0,342.12,-56.08,347.52,50,False
microsoft/DialoGPT-medium,1,float32,11,512,0.0001,0,0.0,False,,,True,100.18291970372994,1.6294675178318871,1.9003854167826042,11.0,50.46,41.0,6731.0,76.82,145.5114499548042,24.0,16.0,64.0,1821671424.0,23370000000.0,0.0,0.0,371.86,-57.92,378.22,50,False
microsoft/DialoGPT-medium,1,float32,11,512,0.0001,0,5.0,False,,,True,92.19017803839043,1.4994661866607877,1.7487698545107013,11.0,46.98,41.0,6763.0,74.42,138.74594584682185,24.0,16.0,64.0,1821671424.0,23370000000.0,0.0,0.0,363.14,-57.04,368.94,50,False
microsoft/DialoGPT-medium,1,float32,11,512,0.0001,5,0.0,False,,,True,92.05650584928385,1.4972920187404397,1.7462342059235096,11.0,47.08,41.0,6793.0,76.64,141.26125885989694,24.0,16.0,64.0,1821671424.0,23370000000.0,0.0,0.0,367.22,-57.2,372.92,50,False
microsoft/DialoGPT-medium,1,float32,11,512,0.0001,5,5.0,False,,,True,92.68393331815886,1.5074970784786743,1.758135975361504,11.0,47.54,41.0,6783.0,74.68,139.85203983046867,24.0,16.0,64.0,1821671424.0,23370000000.0,0.0,0.0,367.38,-56.9,372.88,50,False
microsoft/DialoGPT-medium,1,float32,11,2048,0.0001,0,0.0,False,,,True,92.13554721577482,1.498577620514105,1.7477335539226115,11.0,47.12,41.0,6771.0,76.54,140.21510870223415,24.0,16.0,64.0,1821671424.0,23370000000.0,0.0,0.0,366.2,-56.98,371.88,50,False
microsoft/DialoGPT-medium,1,float32,11,2048,0.0001,0,5.0,False,,,True,92.62199470578663,1.5064896516911679,1.7569610521706442,11.0,47.5,41.0,6775.0,74.42,139.37369949347598,24.0,16.0,64.0,1821671424.0,23370000000.0,0.0,0.0,362.2,-57.22,368.18,50,False
microsoft/DialoGPT-medium,1,float32,11,2048,0.0001,5,0.0,False,,,True,92.435400683103,1.5034547141999894,1.7534215210747703,11.0,47.76,41.0,6781.0,76.54,140.53013557780932,24.0,16.0,64.0,1821671424.0,23370000000.0,0.0,0.0,367.16,-57.3,372.98,50,False
microsoft/DialoGPT-medium,1,float32,11,2048,0.0001,5,5.0,False,,,True,92.20425878482735,1.4996952089234012,1.7490369543842654,11.0,47.04,41.0,6783.0,74.68,141.1353431752605,24.0,16.0,64.0,1821671424.0,23370000000.0,0.0,0.0,366.38,-57.4,372.32,50,False
microsoft/DialoGPT-medium,4,float16,11,512,0.0001,0,0.0,False,,,True,346.09708121475285,0.706810720603949,0.8243262115765159,11.0,39.66,23.0,3803.0,58.38,107.22001011351898,24.0,16.0,64.0,1821671424.0,93480000000.0,0.0,0.0,338.38,-56.02,343.66,50,False
microsoft/DialoGPT-medium,4,float16,11,512,0.0001,0,5.0,False,,,True,345.21122897253196,0.705001604330922,0.8222163087126042,11.0,39.54,23.0,3815.0,56.98,106.56115915035647,24.0,16.0,64.0,1821671424.0,93480000000.0,0.0,0.0,336.6,-55.88,341.88,50,False
microsoft/DialoGPT-medium,4,float16,11,512,0.0001,5,0.0,False,,,True,346.3234166461458,0.7072729501864683,0.8248652921953146,11.0,39.46,23.0,3833.0,58.46,108.55604451887478,24.0,16.0,64.0,1821671424.0,93480000000.0,0.0,0.0,339.36,-55.78,344.28,50,False
microsoft/DialoGPT-medium,4,float16,11,512,0.0001,5,5.0,False,,,True,346.1217980127343,0.7068611980530247,0.8243850814877294,11.0,39.02,23.0,3813.0,56.98,106.78909436035684,24.0,16.0,64.0,1821671424.0,93480000000.0,0.0,0.0,337.54,-55.92,342.98,50,False
microsoft/DialoGPT-medium,4,float16,11,2048,0.0001,0,0.0,False,,,True,345.09074748088676,0.7047555531084433,0.8219293486168289,11.0,39.26,23.0,3829.0,58.36,108.06123182117926,24.0,16.0,64.0,1821671424.0,93480000000.0,0.0,0.0,338.56,-55.94,343.88,50,False
microsoft/DialoGPT-medium,4,float16,11,2048,0.0001,0,5.0,False,,,True,345.51553029171663,0.7056230583863526,0.8229410867221175,11.0,39.48,23.0,3823.0,57.28,105.5517842766474,24.0,16.0,64.0,1821671424.0,93480000000.0,0.0,0.0,335.38,-55.8,340.72,50,False
microsoft/DialoGPT-medium,4,float16,11,2048,0.0001,5,0.0,False,,,True,346.179591693103,0.7069792261875711,0.8245227331703849,11.0,38.42,23.0,3839.0,58.82,109.49502466733773,24.0,16.0,64.0,1821671424.0,93480000000.0,0.0,0.0,339.74,-56.0,345.2,50,False
microsoft/DialoGPT-medium,4,float16,11,2048,0.0001,5,5.0,False,,,True,346.13270791403005,0.7068834786084386,0.82441106644424,11.0,39.42,23.0,3815.0,57.6,106.73646644253087,24.0,16.0,64.0,1821671424.0,93480000000.0,0.0,0.0,337.84,-55.78,343.18,50,False
microsoft/DialoGPT-medium,4,float32,11,512,0.0001,0,0.0,False,,,True,367.00978818445003,5.969386102356299,6.961865868401458,11.0,51.68,42.0,6837.0,71.66,150.64159780454466,24.0,16.0,64.0,1821671424.0,93480000000.0,0.0,0.0,375.72,-57.86,381.9,50,False
microsoft/DialoGPT-medium,4,float32,11,512,0.0001,0,5.0,False,,,True,409.88492135138006,6.666746860306218,7.775170951283888,11.0,57.38,42.0,6875.0,69.64,157.46516532928266,24.0,16.0,64.0,1821671424.0,93480000000.0,0.0,0.0,380.56,-58.7,387.14,50,False
microsoft/DialoGPT-medium,4,float32,11,512,0.0001,5,0.0,False,,,True,364.02866193343834,5.92089831215269,6.905316419954914,11.0,51.48,42.0,6881.0,70.96,149.567897054046,24.0,16.0,64.0,1821671424.0,93480000000.0,0.0,0.0,374.76,-58.02,380.94,50,False
microsoft/DialoGPT-medium,4,float32,11,512,0.0001,5,5.0,False,,,True,383.5461223226433,6.238348310903284,7.275546167759882,11.0,53.78,42.0,6875.0,68.96,150.36952497585295,24.0,16.0,64.0,1821671424.0,93480000000.0,0.0,0.0,373.98,-58.28,380.56,50,False
microsoft/DialoGPT-medium,4,float32,11,2048,0.0001,0,0.0,False,,,True,366.212190297458,5.956413233797582,6.946736109782137,11.0,51.34,42.0,6875.0,71.1,149.90051435921566,24.0,16.0,64.0,1821671424.0,93480000000.0,0.0,0.0,374.52,-57.92,380.74,50,False
microsoft/DialoGPT-medium,4,float32,11,2048,0.0001,0,5.0,False,,,True,365.90967669144516,5.951492873159683,6.940997682044701,11.0,51.3,42.0,6879.0,68.98,149.22283908795836,24.0,16.0,64.0,1821671424.0,93480000000.0,0.0,0.0,374.12,-57.88,380.28,50,False
microsoft/DialoGPT-medium,4,float32,11,2048,0.0001,5,0.0,False,,,True,364.51305449253954,5.9287769200358404,6.914504937898254,11.0,51.38,42.0,6873.0,71.04,149.58466666433333,24.0,16.0,64.0,1821671424.0,93480000000.0,0.0,0.0,374.14,-57.82,380.32,50,False
microsoft/DialoGPT-medium,4,float32,11,2048,0.0001,5,5.0,False,,,True,366.5430053433086,5.9617939151873625,6.95301139194247,11.0,51.64,42.0,6875.0,68.62,145.48457939881618,24.0,16.0,64.0,1821671424.0,93480000000.0,0.0,0.0,370.86,-57.82,376.96,50,False
microsoft/DialoGPT-medium,8,float16,11,512,0.0001,0,0.0,False,,,True,687.9213423002853,1.4048953489104847,1.6387384299420398,11.0,40.6,24.0,3867.0,57.74,110.82468157297848,24.0,16.0,64.0,1821671424.0,186990000000.0,0.0,0.0,341.1,-55.94,346.54,50,False
microsoft/DialoGPT-medium,8,float16,11,512,0.0001,0,5.0,False,,,True,689.1758531587268,1.4074573518050142,1.641726875027394,11.0,41.22,24.0,3879.0,56.34,109.95829236325326,24.0,16.0,64.0,1821671424.0,186990000000.0,0.0,0.0,340.16,-55.84,344.84,50,False
microsoft/DialoGPT-medium,8,float16,11,512,0.0001,5,0.0,False,,,True,688.9738451271352,1.407044804429937,1.6412456596555622,11.0,40.98,24.0,3873.0,57.98,112.11791812492433,24.0,16.0,64.0,1821671424.0,186990000000.0,0.0,0.0,342.18,-56.18,347.8,50,False
microsoft/DialoGPT-medium,8,float16,11,512,0.0001,5,5.0,False,,,True,689.1494319013373,1.4074033934534753,1.6416639353754467,11.0,42.1,24.0,3867.0,56.26,110.37918265514638,24.0,16.0,64.0,1821671424.0,186990000000.0,0.0,0.0,341.14,-55.98,346.48,50,False
microsoft/DialoGPT-medium,8,float16,11,2048,0.0001,0,0.0,False,,,True,687.8688321514088,1.4047881109758678,1.6386133423867708,11.0,41.98,23.0,3781.0,57.68,110.9812398739749,24.0,16.0,64.0,1821671424.0,186990000000.0,0.0,0.0,340.82,-56.08,346.3,50,False
microsoft/DialoGPT-medium,8,float16,11,2048,0.0001,0,5.0,False,,,True,686.3618343939866,1.4017104711207908,1.6350234332110114,11.0,41.26,23.0,3787.0,56.28,109.00275624553225,24.0,16.0,64.0,1821671424.0,186990000000.0,0.0,0.0,338.02,-55.92,343.52,50,False
microsoft/DialoGPT-medium,8,float16,11,2048,0.0001,5,0.0,False,,,True,692.8897167105794,1.4150419247927328,1.6505738907423466,11.0,42.04,24.0,3883.0,58.0,112.71645296573334,24.0,16.0,64.0,1821671424.0,186990000000.0,0.0,0.0,343.62,-56.16,349.18,50,False
microsoft/DialoGPT-medium,8,float16,11,2048,0.0001,5,5.0,False,,,True,689.9991762556467,1.4091387690229271,1.6436881620470265,11.0,41.64,24.0,3875.0,56.48,109.58692030002234,24.0,16.0,64.0,1821671424.0,186990000000.0,0.0,0.0,339.74,-55.84,345.02,50,False
microsoft/DialoGPT-medium,8,float32,11,512,0.0001,0,0.0,False,,,True,730.1757167446688,11.876252122254298,13.853039496153169,11.0,59.16,41.0,6645.0,71.58,169.91915328559307,24.0,16.0,64.0,1821671424.0,186990000000.0,0.0,0.0,392.78,-59.56,399.48,50,False
microsoft/DialoGPT-medium,8,float32,11,512,0.0001,0,5.0,False,,,True,731.3338685308241,11.895089372374777,13.87501218309444,11.0,58.68,42.0,6865.0,70.02,169.17099947355885,24.0,16.0,64.0,1821671424.0,186990000000.0,0.0,0.0,391.4,-59.44,398.16,50,False
microsoft/DialoGPT-medium,8,float32,11,512,0.0001,5,0.0,False,,,True,730.2993092951922,11.878262345624906,13.855384318700082,11.0,58.84,42.0,6833.0,71.34,170.6746641702479,24.0,16.0,64.0,1821671424.0,186990000000.0,0.0,0.0,393.5,-59.64,400.36,50,False
microsoft/DialoGPT-medium,8,float32,11,512,0.0001,5,5.0,False,,,True,729.7156742687339,11.868769566609329,13.8443114784406,11.0,59.1,42.0,6827.0,69.2,166.15714193465467,24.0,16.0,64.0,1821671424.0,186990000000.0,0.0,0.0,389.5,-59.26,396.22,50,False
microsoft/DialoGPT-medium,8,float32,11,2048,0.0001,0,0.0,False,,,True,733.908778238081,11.936970081598794,13.923863884206447,11.0,59.18,42.0,6877.0,71.4,169.44114309951527,24.0,16.0,64.0,1821671424.0,186990000000.0,0.0,0.0,392.48,-59.76,399.68,50,False
microsoft/DialoGPT-medium,8,float32,11,2048,0.0001,0,5.0,False,,,True,733.2849773987696,11.926824008712718,13.912029010125398,11.0,59.04,42.0,6877.0,69.3,169.42149436138516,24.0,16.0,64.0,1821671424.0,186990000000.0,0.0,0.0,390.32,-59.5,397.22,50,False
microsoft/DialoGPT-medium,8,float32,11,2048,0.0001,5,0.0,False,,,True,734.4161628085391,11.945222652786137,13.93349008558936,11.0,59.48,42.0,6825.0,71.5,172.13183397708954,24.0,16.0,64.0,1821671424.0,186990000000.0,0.0,0.0,393.74,-59.84,400.52,50,False
microsoft/DialoGPT-medium,8,float32,11,2048,0.0001,5,5.0,False,,,True,734.4631434085884,11.945986788648565,13.934381410914362,11.0,59.38,42.0,6827.0,68.9,167.50395538087434,24.0,16.0,64.0,1821671424.0,186990000000.0,0.0,0.0,387.68,-59.46,394.58,50,False
microsoft/DialoGPT-medium,16,float16,11,512,0.0001,0,0.0,False,,,True,1377.1837446320021,2.812529454252726,3.280408309373326,11.0,46.56,23.0,3813.0,58.28,118.37220485553304,24.0,16.0,64.0,1821671424.0,373950000000.0,0.0,0.0,348.88,-56.44,354.64,50,False
microsoft/DialoGPT-medium,16,float16,11,512,0.0001,0,5.0,False,,,True,1381.8445323693036,2.822047866623098,3.291510158985815,11.0,46.68,23.0,3805.0,57.08,117.84426052479044,24.0,16.0,64.0,1821671424.0,373950000000.0,0.0,0.0,346.94,-56.48,351.8,50,False
microsoft/DialoGPT-medium,16,float16,11,512,0.0001,5,0.0,False,,,True,1383.0046628449222,2.8244171228288675,3.294273553243851,11.0,47.56,24.0,3851.0,58.52,120.07523808186716,24.0,16.0,64.0,1821671424.0,373950000000.0,0.0,0.0,350.12,-56.46,355.74,50,False
microsoft/DialoGPT-medium,16,float16,11,512,0.0001,5,5.0,False,,,True,1373.5706133499855,2.805150599984105,3.271801944444475,11.0,47.72,23.0,3849.0,57.14,118.66756261516622,24.0,16.0,64.0,1821671424.0,373950000000.0,0.0,0.0,349.4,-56.54,355.08,50,False
microsoft/DialoGPT-medium,16,float16,11,2048,0.0001,0,0.0,False,,,True,1384.5346303293563,2.827541672207839,3.2979178876099593,11.0,47.36,23.0,3819.0,58.4,120.0091231213799,24.0,16.0,64.0,1821671424.0,373950000000.0,0.0,0.0,349.34,-56.44,354.9,50,False
microsoft/DialoGPT-medium,16,float16,11,2048,0.0001,0,5.0,False,,,True,1380.4942928146809,2.8192903634703956,3.2882939308885164,11.0,47.66,23.0,3805.0,56.9,116.89986283820515,24.0,16.0,64.0,1821671424.0,373950000000.0,0.0,0.0,345.62,-56.42,351.42,50,False
microsoft/DialoGPT-medium,16,float16,11,2048,0.0001,5,0.0,False,,,True,1387.8595776286895,2.83433198777006,3.305837807367563,11.0,47.9,24.0,3861.0,58.34,118.00753567102097,24.0,16.0,64.0,1821671424.0,373950000000.0,0.0,0.0,347.32,-56.5,353.16,50,False
microsoft/DialoGPT-medium,16,float16,11,2048,0.0001,5,5.0,False,,,True,1382.6597155495383,2.8237126602382987,3.2934518996493445,11.0,47.28,24.0,3873.0,57.1,118.26608098284152,24.0,16.0,64.0,1821671424.0,373950000000.0,0.0,0.0,347.64,-56.34,353.28,50,False
microsoft/DialoGPT-medium,16,float32,11,512,0.0001,0,0.0,False,,,True,1436.6358952914964,23.366772831653353,27.25395662765093,11.0,77.24,43.0,6971.0,75.64,200.24299946817322,24.0,16.0,64.0,1821671424.0,373950000000.0,0.0,0.0,420.1,-64.76,428.84,50,False
microsoft/DialoGPT-medium,16,float32,11,512,0.0001,0,5.0,False,,,True,1436.9083602982157,23.371204454124605,27.259125473494205,11.0,76.92,42.0,6829.0,73.6,198.64295833251305,24.0,16.0,64.0,1821671424.0,373950000000.0,0.0,0.0,421.34,-64.64,429.96,50,False
microsoft/DialoGPT-medium,16,float32,11,512,0.0001,5,0.0,False,,,True,1434.6324075065509,23.334186256241136,27.21594910648715,11.0,77.12,42.0,6949.0,75.56,200.72286878813958,24.0,16.0,64.0,1821671424.0,373950000000.0,0.0,0.0,421.36,-64.94,427.84,50,False
microsoft/DialoGPT-medium,16,float32,11,512,0.0001,5,5.0,False,,,True,1439.3181453332697,23.410399423199078,27.30484072886446,11.0,77.04,42.0,6943.0,73.36,200.23542446986409,24.0,16.0,64.0,1821671424.0,373950000000.0,0.0,0.0,422.66,-64.8,430.96,50,False
microsoft/DialoGPT-medium,16,float32,11,2048,0.0001,0,0.0,False,,,True,1438.0985719530827,23.39056315555481,27.281704595264568,11.0,77.4,42.0,6825.0,75.68,200.06712471432678,24.0,16.0,64.0,1821671424.0,373950000000.0,0.0,0.0,420.86,-65.14,429.92,50,False
microsoft/DialoGPT-medium,16,float32,11,2048,0.0001,0,5.0,False,,,True,1441.0090183423847,23.437901343219767,27.33691773585302,11.0,77.0,43.0,7007.0,73.42,199.91450476752976,24.0,16.0,64.0,1821671424.0,373950000000.0,0.0,0.0,422.3,-64.54,430.68,50,False
microsoft/DialoGPT-medium,16,float32,11,2048,0.0001,5,0.0,False,,,True,1439.658657005347,23.415937819471946,27.311300466068868,11.0,77.3,42.0,6941.0,75.6,200.37834015286586,24.0,16.0,64.0,1821671424.0,373950000000.0,0.0,0.0,422.84,-64.54,431.24,50,False
microsoft/DialoGPT-medium,16,float32,11,2048,0.0001,5,5.0,False,,,True,1439.8847823425021,23.419615730766036,27.31559021697335,11.0,77.14,42.0,6943.0,73.38,200.14335912923926,24.0,16.0,64.0,1821671424.0,373950000000.0,0.0,0.0,421.72,-64.84,430.42,50,False
microsoft/DialoGPT-medium,32,float16,11,512,0.0001,0,0.0,False,,,True,2763.0322986848837,5.642754464241352,6.5814559219145705,11.0,62.28,25.0,4085.0,60.64,135.25137168257646,24.0,16.0,64.0,1821671424.0,747900000000.0,0.0,0.0,361.78,-57.32,368.0,50,False
microsoft/DialoGPT-medium,32,float16,11,512,0.0001,0,5.0,False,,,True,2744.9665205260653,5.6058599442590165,6.5384238072686625,11.0,62.08,25.0,4053.0,59.4,134.4053987724669,24.0,16.0,64.0,1821671424.0,747900000000.0,0.0,0.0,362.18,-57.34,368.18,50,False
microsoft/DialoGPT-medium,32,float16,11,512,0.0001,5,0.0,False,,,True,2994.306522464581,6.115070209271908,7.132343839658263,11.0,66.86,25.0,4049.0,61.48,142.6035284975795,24.0,16.0,64.0,1821671424.0,747900000000.0,0.0,0.0,369.2,-57.78,375.56,50,False
microsoft/DialoGPT-medium,32,float16,11,512,0.0001,5,5.0,False,,,True,2750.6394421697582,5.617445369425952,6.551936527972006,11.0,61.14,25.0,4065.0,59.46,134.2742878745943,24.0,16.0,64.0,1821671424.0,747900000000.0,0.0,0.0,362.0,-57.42,368.38,50,False
microsoft/DialoGPT-medium,32,float16,11,2048,0.0001,0,0.0,False,,,True,2750.073824192142,5.616290245987921,6.550589243761794,11.0,61.26,25.0,4091.0,60.86,137.03596475482118,24.0,16.0,64.0,1821671424.0,747900000000.0,0.0,0.0,363.9,-57.58,370.18,50,False
microsoft/DialoGPT-medium,32,float16,11,2048,0.0001,0,5.0,False,,,True,2759.3293932811343,5.635192270340248,6.572635717854925,11.0,63.02,25.0,4057.0,59.2,133.79506734016547,24.0,16.0,64.0,1821671424.0,747900000000.0,0.0,0.0,361.56,-57.22,367.58,50,False
microsoft/DialoGPT-medium,32,float16,11,2048,0.0001,5,0.0,False,,,True,2753.732210631807,5.62376152181201,6.559303405050985,11.0,63.04,25.0,4042.72,60.58,135.81926444941385,24.0,16.0,64.0,1821671424.0,747900000000.0,0.0,0.0,363.7,-57.28,369.74,50,False
microsoft/DialoGPT-medium,32,float16,11,2048,0.0001,5,5.0,False,,,True,2756.405979211394,5.629221979004635,6.565672237605106,11.0,62.66,25.0,4075.0,59.52,134.88383240228256,24.0,16.0,64.0,1821671424.0,747900000000.0,0.0,0.0,360.8,-57.28,367.86,50,False
microsoft/DialoGPT-medium,32,float32,11,512,0.0001,0,0.0,False,,,True,2071.2695056324487,33.68903990904678,39.293386344929694,11.0,84.82,44.0,7219.0,81.84,218.81817270213534,24.0,16.0,64.0,1821671424.0,747900000000.0,0.0,0.0,438.48,-67.2,447.66,50,False
microsoft/DialoGPT-medium,32,float32,11,512,0.0001,0,5.0,False,,,True,2078.364812942165,33.80444453914149,39.427989133508646,11.0,85.22,44.0,7227.0,79.5,217.92721375418986,24.0,16.0,64.0,1821671424.0,747900000000.0,0.0,0.0,435.24,-67.72,445.24,50,False
microsoft/DialoGPT-medium,32,float32,11,512,0.0001,5,0.0,False,,,True,2062.345276509014,33.54388800569509,39.12408766997493,11.0,85.36,44.0,7233.0,81.7,218.15339022652972,24.0,16.0,64.0,1821671424.0,747900000000.0,0.0,0.0,436.1,-68.06,446.4,50,False
microsoft/DialoGPT-medium,32,float32,11,512,0.0001,5,5.0,False,,,True,2074.439078640845,33.7405927713296,39.35351529310795,11.0,84.66,44.0,7247.0,79.38,218.0433076653267,24.0,16.0,64.0,1821671424.0,747900000000.0,0.0,0.0,435.0,-67.94,445.34,50,False
microsoft/DialoGPT-medium,32,float32,11,2048,0.0001,0,0.0,False,,,True,2069.9678322295154,33.66786829081905,39.26869271825422,11.0,85.04,44.0,7223.0,81.78,218.50087652296367,24.0,16.0,64.0,1821671424.0,747900000000.0,0.0,0.0,437.72,-67.58,447.4,50,False
microsoft/DialoGPT-medium,32,float32,11,2048,0.0001,0,5.0,False,,,True,2077.7296112692884,33.79411303257046,39.415938927260065,11.0,85.36,44.0,7223.0,79.48,218.47544222361716,24.0,16.0,64.0,1821671424.0,747900000000.0,0.0,0.0,436.26,-67.72,446.24,50,False
microsoft/DialoGPT-medium,32,float32,11,2048,0.0001,5,0.0,False,,,True,2065.8997008311744,33.601700445127676,39.19151750841202,11.0,85.4,44.0,7225.0,81.72,218.10349262600315,24.0,16.0,64.0,1821671424.0,747900000000.0,0.0,0.0,437.12,-67.26,446.54,50,False
microsoft/DialoGPT-medium,32,float32,11,2048,0.0001,5,5.0,False,,,True,2080.279367666539,33.835584625133244,39.46430953423814,11.0,85.5,44.0,7247.0,79.64,218.96820467998884,24.0,16.0,64.0,1821671424.0,747900000000.0,0.0,0.0,436.3,-67.5,446.08,50,False
microsoft/DialoGPT-medium,64,float16,11,512,0.0001,0,0.0,False,,,True,4984.874996398136,10.180273916088103,11.873815257484987,11.0,83.36,29.0,4809.0,65.58,159.73184607252085,24.0,16.0,64.0,1821671424.0,1495800000000.0,0.0,0.0,386.5,-58.62,392.9,50,False
microsoft/DialoGPT-medium,64,float16,11,512,0.0001,0,5.0,False,,,True,5011.302533990724,10.234245093261986,11.936764819773181,11.0,83.94,29.0,4789.0,64.3,160.65481877120794,24.0,16.0,64.0,1821671424.0,1495800000000.0,0.0,0.0,387.1,-58.5,393.46,50,False
microsoft/DialoGPT-medium,64,float16,11,512,0.0001,5,0.0,False,,,True,5001.9948029617635,10.215236542098603,11.914594097581732,11.0,83.74,30.0,4855.0,66.52,163.18781610168958,24.0,16.0,64.0,1821671424.0,1495800000000.0,0.0,0.0,388.94,-58.88,395.54,50,False
microsoft/DialoGPT-medium,64,float16,11,512,0.0001,5,5.0,False,,,True,4992.508612408383,10.195863535087716,11.891998290423171,11.0,83.34,30.0,4869.0,64.42,161.28720134089647,24.0,16.0,64.0,1821671424.0,1495800000000.0,0.0,0.0,388.28,-58.64,394.84,50,False
microsoft/DialoGPT-medium,64,float16,11,2048,0.0001,0,0.0,False,,,True,4998.891456372512,10.208898786716983,11.907202023736884,11.0,83.04,29.0,4815.0,66.0,162.4678235244127,24.0,16.0,64.0,1821671424.0,1495800000000.0,0.0,0.0,390.34,-58.74,396.68,50,False
microsoft/DialoGPT-medium,64,float16,11,2048,0.0001,0,5.0,False,,,True,4991.274824293047,10.193343852853436,11.889059445986959,11.0,83.28,29.0,4809.0,64.76,163.10223783386357,24.0,16.0,64.0,1821671424.0,1495800000000.0,0.0,0.0,391.4,-58.82,397.8,50,False
microsoft/DialoGPT-medium,64,float16,11,2048,0.0001,5,0.0,False,,,True,4997.281592849387,10.20561107104813,11.903367379522704,11.0,83.58,30.0,4861.0,66.46,167.24310440255474,24.0,16.0,64.0,1821671424.0,1495800000000.0,0.0,0.0,394.0,-59.28,400.38,50,False
microsoft/DialoGPT-medium,64,float16,11,2048,0.0001,5,5.0,False,,,True,4989.6083404845485,10.189940505395475,11.885089934036108,11.0,83.38,30.0,4863.0,64.5,160.72723913422567,24.0,16.0,64.0,1821671424.0,1495800000000.0,0.0,0.0,387.12,-59.02,393.88,50,False
microsoft/DialoGPT-medium,64,float32,11,512,0.0001,0,0.0,False,,,True,2570.154469265143,41.80336564219819,48.75757222918528,11.0,93.24,51.98,8512.28,85.6,228.76157762985412,24.0,16.0,64.0,1821671424.0,1495800000000.0,0.0,0.0,453.9,-68.56,463.24,50,False
microsoft/DialoGPT-medium,64,float32,11,512,0.0001,0,5.0,False,,,True,2587.836830296052,42.09096789040228,49.09301860233404,11.0,93.36,51.0,8419.0,83.34,231.61182432019004,24.0,16.0,64.0,1821671424.0,1495800000000.0,0.0,0.0,454.76,-68.06,463.78,50,False
microsoft/DialoGPT-medium,64,float32,11,512,0.0001,5,0.0,False,,,True,2571.881006310138,41.83144763503163,48.790325807106136,11.0,93.54,51.0,8421.0,85.54,229.5299872499489,24.0,16.0,64.0,1821671424.0,1495800000000.0,0.0,0.0,453.8,-67.94,462.54,50,False
microsoft/DialoGPT-medium,64,float32,11,512,0.0001,5,5.0,False,,,True,2590.431492910316,42.133169879146266,49.14224111068449,11.0,94.02,51.0,8415.0,83.7,233.64743791238143,24.0,16.0,64.0,1821671424.0,1495800000000.0,0.0,0.0,455.72,-68.5,464.9,50,False
microsoft/DialoGPT-medium,64,float32,11,2048,0.0001,0,0.0,False,,,True,2570.5831601752056,41.81033826702488,48.76570478629861,11.0,93.42,51.0,8421.0,85.64,229.03257326090096,24.0,16.0,64.0,1821671424.0,1495800000000.0,0.0,0.0,454.06,-67.96,462.86,50,False
microsoft/DialoGPT-medium,64,float32,11,2048,0.0001,0,5.0,False,,,True,2589.455545666416,42.1172961719539,49.12372673000995,11.0,93.22,51.0,8427.0,83.38,232.03348653416344,24.0,16.0,64.0,1821671424.0,1495800000000.0,0.0,0.0,454.0,-68.7,463.62,50,False
microsoft/DialoGPT-medium,64,float32,11,2048,0.0001,5,0.0,False,,,True,2567.5311634397663,41.76069777381871,48.707806339706806,11.0,93.14,51.0,8409.0,85.54,229.25350516627415,24.0,16.0,64.0,1821671424.0,1495800000000.0,0.0,0.0,451.68,-68.32,461.04,50,False
microsoft/DialoGPT-medium,64,float32,11,2048,0.0001,5,5.0,False,,,True,2587.865715735944,42.09143770987033,49.093566578706174,11.0,93.24,51.0,8415.0,83.54,232.12844984625843,24.0,16.0,64.0,1821671424.0,1495800000000.0,0.0,0.0,456.02,-68.24,465.3,50,False
microsoft/DialoGPT-medium,128,float16,11,512,0.0001,0,0.0,False,,,True,6414.668418349533,13.100244565182312,15.279691385856456,11.0,89.78,41.0,6779.0,70.6,172.32389412720957,24.0,16.0,64.0,1821671424.0,2991630000000.0,0.0,0.0,400.66,-60.9,408.1,50,False
microsoft/DialoGPT-medium,128,float16,11,512,0.0001,0,5.0,False,,,True,6411.904664389659,13.09460033691811,15.27310814494372,11.0,89.26,41.0,6791.0,69.88,176.7018374113902,24.0,16.0,64.0,1821671424.0,2991630000000.0,0.0,0.0,402.88,-61.64,410.46,50,False
microsoft/DialoGPT-medium,128,float16,11,512,0.0001,5,0.0,False,,,True,6416.146880336006,13.103263928357453,15.283213071063818,11.0,89.22,42.0,6933.0,71.4,175.06645355952654,24.0,16.0,64.0,1821671424.0,2991630000000.0,0.0,0.0,403.42,-60.7,410.34,50,False
microsoft/DialoGPT-medium,128,float16,11,512,0.0001,5,5.0,False,,,True,6435.625995263725,13.143044810676557,15.329612174673565,11.0,89.44,42.0,6925.0,69.82,177.20210170622715,24.0,16.0,64.0,1821671424.0,2991630000000.0,0.0,0.0,405.36,-61.38,412.58,50,False
microsoft/DialoGPT-medium,128,float16,11,2048,0.0001,0,0.0,False,,,True,6414.108544641022,13.099101172877553,15.278357770940891,11.0,89.74,41.0,6787.0,71.14,175.14046796955625,24.0,16.0,64.0,1821671424.0,2991630000000.0,0.0,0.0,401.96,-60.98,409.16,50,False
microsoft/DialoGPT-medium,128,float16,11,2048,0.0001,0,5.0,False,,,True,6430.655296234634,13.132893487382162,15.317772007390838,11.0,89.2,41.0,6783.0,70.14,176.58027496921142,24.0,16.0,64.0,1821671424.0,2991630000000.0,0.0,0.0,404.3,-61.52,411.92,50,False
microsoft/DialoGPT-medium,128,float16,11,2048,0.0001,5,0.0,False,,,True,6421.089414836253,13.113357733134624,15.294986150653044,11.0,89.56,42.0,6935.0,71.68,177.2297764582538,24.0,16.0,64.0,1821671424.0,2991630000000.0,0.0,0.0,404.72,-61.26,411.74,50,False
microsoft/DialoGPT-medium,128,float16,11,2048,0.0001,5,5.0,False,,,True,6422.873009694558,13.117000248589072,15.299234660040426,11.0,89.62,42.0,6921.0,70.02,178.12573054698814,24.0,16.0,64.0,1821671424.0,2991630000000.0,0.0,0.0,403.44,-61.3,410.68,50,False
microsoft/DialoGPT-medium,128,float32,11,512,0.0001,0,0.0,False,,,True,2865.137099368438,46.601235533586895,54.35413771169593,11.0,100.0,65.0,10667.0,87.18,221.3870560755027,24.0,16.0,64.0,1821671424.0,2991630000000.0,0.0,0.0,457.28,-65.54,463.52,50,False
microsoft/DialoGPT-medium,128,float32,11,512,0.0001,0,5.0,False,,,True,2893.6656126003923,47.065249616835615,54.89534837043243,11.0,100.0,65.0,10717.0,86.58,228.08296311121853,24.0,16.0,64.0,1821671424.0,2991630000000.0,0.0,0.0,462.34,-64.84,467.84,50,False
microsoft/DialoGPT-medium,128,float32,11,512,0.0001,5,0.0,False,,,True,2863.573150298811,46.57579802172322,54.324468240338575,11.0,100.0,65.0,10599.0,87.18,220.69162579991172,24.0,16.0,64.0,1821671424.0,2991630000000.0,0.0,0.0,455.34,-65.34,461.52,50,False
microsoft/DialoGPT-medium,128,float32,11,512,0.0001,5,5.0,False,,,True,2890.1334360503474,47.00779903571294,54.8283399153517,11.0,99.9,65.0,10575.0,86.56,227.2233209232021,24.0,16.0,64.0,1821671424.0,2991630000000.0,0.0,0.0,462.44,-65.44,468.16,50,False
microsoft/DialoGPT-medium,128,float32,11,2048,0.0001,0,0.0,False,,,True,2859.765471058397,46.51386641043733,54.25223326008544,11.0,99.88,65.0,10675.0,87.26,220.35383028165862,24.0,16.0,64.0,1821671424.0,2991630000000.0,0.0,0.0,454.42,-65.04,460.12,50,False
microsoft/DialoGPT-medium,128,float32,11,2048,0.0001,0,5.0,False,,,True,2896.413210439236,47.10993908529692,54.947472686347986,11.0,100.0,65.0,10677.0,86.46,228.3341850641868,24.0,16.0,64.0,1821671424.0,2991630000000.0,0.0,0.0,463.3,-64.68,468.66,50,False
microsoft/DialoGPT-medium,128,float32,11,2048,0.0001,5,0.0,False,,,True,2867.3194621435005,46.63673149701665,54.39553902782797,11.0,100.0,65.0,10591.0,87.26,221.87455387336854,24.0,16.0,64.0,1821671424.0,2991630000000.0,0.0,0.0,455.98,-65.3,461.98,50,False
microsoft/DialoGPT-medium,128,float32,11,2048,0.0001,5,5.0,False,,,True,2892.2257490802835,47.04183034693346,54.8680329096556,11.0,100.0,65.0,10575.0,86.52,227.8789738737515,24.0,16.0,64.0,1821671424.0,2991630000000.0,0.0,0.0,462.18,-64.76,467.78,50,False
